,2020년
0,삼성 갤럭시와이드2 2017년형 실버 특S급[새상품급] 공기계 7만5천원 팝니다 (21722)
1,삼성 갤럭시J7 32G 2017년형 골드 특S급[새상품급] 공기계 12만원 팝니다 (21720)
2,삼성 갤럭시A6+ (JEAN) 32G 2018년형 블랙 A급 공기계 12만원 팝니다 (21719)
3,삼성 갤럭시A6 32G 2018년형 블루 특S급[새상품급] 공기계 12만원 팝니다 (21718)
4,갤럭시 s9 64기가 해지폰 상태 a++팝니다
5,삼성 갤럭시A5 32G 2017년형 핑크 특S급[새상품급] 공기계 10만원 팝니다 (21717)
6,엘지 LG V20 64G 블랙 A급 공기계 7만5천원 팝니다 (21715)
7,삼성 갤럭시S7 32G 블랙 공기계 10만원 팝니다 (21713)
8,삼성 갤럭시S7 32G 실버 공기계 10만원 팝니다 (21712)
9,데이터2기가3800원팝니다
10,삼성 갤럭시S7 32G 실버 A급 공기계 11만원 팝니다 (21710)
11,(전북 전주) 아이폰 xs max 64기가 골드 팝니다
12,삼성 갤럭시S8플러스(+) 64G 오키드그레이 공기계 17만5천원 팝니다 (21707)
13,삼성 갤럭시 노트5 32G 블루 특A급 공기계 12만5천원 팝니다 (22712)
14,삼성 갤럭시 A7 64G 2018년형 골드 공기계 16만원 팝니다 (22711)
15,삼성 갤럭시와이드2 2017년형 실버 특S급[새상품급] 공기계 7만5천원 팝니다 (21722)
16,삼성 갤럭시J7 32G 2017년형 골드 특S급[새상품급] 공기계 12만원 팝니다 (21720)
17,삼성 갤럭시A6+ (JEAN) 32G 2018년형 블랙 A급 공기계 12만원 팝니다 (21719)
18,삼성 갤럭시A6 32G 2018년형 블루 특S급[새상품급] 공기계 12만원 팝니다 (21718)
19,갤럭시 s9 64기가 해지폰 상태 a++팝니다
20,삼성 갤럭시A5 32G 2017년형 핑크 특S급[새상품급] 공기계 10만원 팝니다 (21717)
21,엘지 LG V20 64G 블랙 A급 공기계 7만5천원 팝니다 (21715)
22,삼성 갤럭시S7 32G 블랙 공기계 10만원 팝니다 (21713)
23,삼성 갤럭시S7 32G 실버 공기계 10만원 팝니다 (21712)
24,데이터2기가3800원팝니다
25,삼성 갤럭시S7 32G 실버 A급 공기계 11만원 팝니다 (21710)
26,(전북 전주) 아이폰 xs max 64기가 골드 팝니다
27,삼성 갤럭시S8플러스(+) 64G 오키드그레이 공기계 17만5천원 팝니다 (21707)
28,삼성 갤럭시 노트5 32G 블루 특A급 공기계 12만5천원 팝니다 (22712)
29,삼성 갤럭시 A7 64G 2018년형 골드 공기계 16만원 팝니다 (22711)
30,삼성 갤럭시 S8 64G 오키드그레이 특A급 공기계 21만5천원 팝니다 (22710)
31,갤럭시s10+ 핑크 자급제 미개봉품 공기계 s10플러스
32,애플 아이폰8 64G 골드 A급 공기계 25만원 팝니다 (22709)
33,애플 아이폰XS 64G 화이트 A급 공기계 46만원 팝니다 (22707)
34,삼성 갤럭시S10 5G 256G 골드 특S급[새상품급] 공기계 51만원 팝니다 (21706)
35,삼성 갤럭시노트8 64G 골드 공기계 22만원 팝니다 (21703)
36,삼성 갤럭시J6 32G 2018년형 골드 A급 공기계 11만원 팝니다 (21702)
37,아이폰11 프로맥스 512기가 미개봉 공기계 팝니다. 가통 그런거 아니고 공기계
38,삼성 갤럭시J6 32G 2018년형 블랙 A급 공기계 11만원 팝니다 (21701)
39,삼성 갤럭시S8플러스(+) 64G 오키드그레이 공기계 19만5천원 팝니다 (21607)
40,삼성 갤럭시노트8 64G 블랙 흑점공기계 17만원 팝니다 (21603)
41,엘지 LG Q6 32G 실버 A급 공기계 5만5천원 팝니다 (21327)
42,삼성 갤럭시A7 32G 2017년형 골드 공기계 9만5천원 팝니다 (21323)
43,아이폰x 64기가 팝니다
44,삼성 갤럭시A8 Star 64G 2018년형 화이트 특S급[새상품급] 공기계 18만5천원 팝니다 (21102)
45,삼성 갤럭시노트7(Fe) 64G 블루 특A급 공기계 18만원 팝니다 (21005)
46,엘지 LG V30 64G 실버 A급 공기계 14만원 팝니다 (20902)
47,엘지 LG Q8 64G 2018년형 블랙 A급 공기계 7만5천원 팝니다 (20319)
48,애플 아이폰7+(플러스) 128G 제트블랙 A급 공기계 25만원 팝니다 (12823)
49,애플 아이폰7 128G 제트블랙 A급 공기계 19만5천원 팝니다 (12822)
50,애플 아이폰7 128G 블랙 A급 공기계 19만원 팝니다 (10506)
51,삼성 갤럭시 S8+(플러스) 128G 블랙 A급 공기계 23만5천원 팝니다 (22706)
52,삼성 갤럭시 노트8 64G 그레이 A급 공기계 25만원 팝니다 (22705)
53,애플 아이폰X 256G 블랙 A급 공기계 45만원 팝니다 (22704)
54,애플 아이폰8+(플러스) 64G 골드 A급 공기계 34만5천원 팝니다 (22703)
55,애플 아이폰8+(플러스) 64G 골드 A급 공기계 35만원 팝니다 (22702)
56,애플 아이폰X 64G 화이트 A급 공기계 42만원 팝니다 (22701)
57,삼성 갤럭시 노트8 64G 블루 A급 공기계 25만원 팝니다 (22619)
58,삼성 갤럭시 노트8 64G 블루 A급 공기계 25만원 팝니다 (22618)
59,삼성 갤럭시 J7 골드 공기계 6만원 팝니다 (22617)
60,삼성 갤럭시 S6엣지 플러스 32G 골드 공기계 7만5천원 팝니다 (22616)
61,엘지 LG V10 64G 골드 A급 공기계 5만5천원 팝니다 (22614)
62,삼성 갤럭시 S7 32G 핑크 공기계 10만5천원 팝니다 (22613)
63,데이터2기가3500원 팝니다
64,삼성 갤럭시 S7 32G 실버 공기계 10만5천원 팝니다 (22612)
65,삼성 갤럭시 S7 32G 블랙 공기계 10만원 팝니다 (22611)
66,삼성 갤럭시 노트5 블루 공기계 7만5천원 팝니다 (22610)
67,삼성 갤럭시 J7 골드 공기계 6만5천원 팝니다 (22609)
68,삼성 갤럭시 와이드2 2017년형 실버 특A급 공기계 7만5천원 팝니다 (22608)
69,삼성 갤럭시 노트5 32G 블랙 A급 공기계 11만5천원 팝니다 (22607)
70,데이터2기가3500원팝니다
71,삼성 갤럭시 와이드3 32G 2018년형 블루 특A급 공기계 9만원 팝니다 (22605)
72,삼성 갤럭시A8 32G 2018년형 블루 특A급 공기계 14만원 팝니다 (22604)
73,skt데이터 2기가 3천원에팝니다
74,삼성 갤럭시 노트5 32G 골드 A급 공기계 11만5천원 팝니다 (22603)
75,엘지 LG Q6 32G 블루 A급 공기계 5만원 팝니다 (22601)
76,삼성 갤럭시 S7 32G 블랙 공기계 10만5천원 팝니다 (22602)
77,삼성 갤럭시 A7 32G 블랙 공기계 7만5천원 팝니다 (22415)
78,삼성 갤럭시J6 32G 2018년형 블랙 특A급 공기계 12만원 팝니다 (22414)
79,삼성 갤럭시노트8 64G 블루 특A급[새배터리교체된] 공기계 29만원 팝니다 (22410)
80,데이터2기가3500원팝니다
81,엘지 LG G6 64G 블루 특S급[새상품급] 공기계 11만원 팝니다 (22408)
82,skt데이터 선물하기 1기가당 2천원에 팝니다
83,엘지 LG V30 64G 블루 A급 공기계 14만원 팝니다 (22401)
84,삼성 갤럭시S7 32G 로즈골드 A급 공기계 11만원 팝니다 (22014)
85,삼성 갤럭시S7 32G 블랙 특A급 공기계 12만원 팝니다 (22012)
86,삼성 갤럭시S7 32G 화이트 A급 공기계 10만5천원 팝니다 (22011)
87,데이터기가3500원팝니다
88,삼성 갤럭시S7 32G 로즈골드 A급 공기계 10만5천원 팝니다 (22010)
89,삼성 갤럭시S7 32G 실버 특A급 공기계 12만5천원 팝니다 (22009)
90,엘지 LG G6 64G 블루 A급 공기계 9만원 팝니다 (22004)
91,엘지 LG G6 64G 블루 특A급 공기계 9만5천원 팝니다 (22003)
92,삼성 갤럭시와이드2 2017년형 실버 특S급[새상품급] 공기계 7만5천원 팝니다 (21722)
93,삼성 갤럭시J7 32G 2017년형 골드 특S급[새상품급] 공기계 12만원 팝니다 (21720)
94,삼성 갤럭시A6+ (JEAN) 32G 2018년형 블랙 A급 공기계 12만원 팝니다 (21719)
95,삼성 갤럭시A6 32G 2018년형 블루 특S급[새상품급] 공기계 12만원 팝니다 (21718)
96,삼성 갤럭시A5 32G 2017년형 핑크 특S급[새상품급] 공기계 10만원 팝니다 (21717)
97,엘지 LG V20 64G 블랙 A급 공기계 7만5천원 팝니다 (21715)
98,데이터2기가3500원 팝니다
99,갤럭시s10e 128기가 미개봉 자급제 공기계 팝니다.
100,삼성 갤럭시S7 32G 블랙 공기계 10만원 팝니다 (21713)
101,삼성 갤럭시S7 32G 실버 공기계 10만원 팝니다 (21712)
102,데이터2기가3500원팝니다
103,삼성 갤럭시S7 32G 실버 A급 공기계 11만원 팝니다 (21710)
104,삼성 갤럭시S8플러스(+) 64G 오키드그레이 공기계 17만5천원 팝니다 (21707)
105,아이폰x 64G 블랙 A급 팝니다
106,삼성 갤럭시S10 5G 256G 골드 특S급[새상품급] 공기계 51만원 팝니다 (21706)
107,데이터2기가3500원팝니다
108,삼성 갤럭시노트8 64G 골드 공기계 22만원 팝니다 (21703)
109,삼성 갤럭시J6 32G 2018년형 골드 A급 공기계 11만원 팝니다 (21702)
110,삼성 갤럭시J6 32G 2018년형 블랙 A급 공기계 11만원 팝니다 (21701)
111,데이터2기가3500원팝니다
112,삼성 갤럭시S8플러스(+) 64G 오키드그레이 공기계 19만5천원 팝니다 (21607)
113,삼성 갤럭시노트8 64G 블랙 흑점공기계 17만원 팝니다 (21603)
114,엘지 LG Q6 32G 실버 A급 공기계 5만5천원 팝니다 (21327)
115,데이터2기가 3500원팝니다
116,삼성 갤럭시A7 32G 2017년형 골드 공기계 9만5천원 팝니다 (21323)
117,삼성 갤럭시A8 Star 64G 2018년형 화이트 특S급[새상품급] 공기계 18만5천원 팝니다 (21102)
118,삼성 갤럭시노트7(Fe) 64G 블루 특A급 공기계 18만원 팝니다 (21005)
119,엘지 LG V30 64G 실버 A급 공기계 14만원 팝니다 (20902)
120,Lg g7 64기가 팔아요
121,엘지 LG Q8 64G 2018년형 블랙 A급 공기계 7만5천원 팝니다 (20319)
122,애플 아이폰7+(플러스) 128G 제트블랙 A급 공기계 25만원 팝니다 (12823)
123,갤럭시s7 엣지 택포 8만원에 팝니다
124,애플 아이폰7 128G 제트블랙 A급 공기계 19만5천원 팝니다 (12822)
125,갤럭시버즈 미개봉새거 팝니다. 갤버드
126,애플 아이폰7 128G 블랙 A급 공기계 19만원 팝니다 (10506)
127,데이터2기가3800원팝니다
128,skt 데이터 2기가 팝니다 3500원
129,SK 데이터 2기가 2G 4000원에 팝니다 우리은행 거래내역 많음
130,아이폰XS 골드 256기가 S급 *가격내림
131,갤럭시s10e 128기가 미개봉 자급제 공기계 새거 팝니다. 63만
132,갤럭시S10+ 미개봉 공기계 확정기변25%가능 새거 자급제폰 팝니다. S10플러스
133,아이폰7플러스 32G 양산 팝니다
134,아이폰7 128기가 골드 B급 (A1778) 팝니다
135,갤럭시s7 엣지 택포 8만원에 팝니다
136,데이터 팝니다 농협
137,노트10+ 단순개봉품 자급제모델 팝니다. 완박 미사용 공기계. 노트10플러스
138,아이폰7 32기가 로즈골드 A급 (A1778) 팝니다
139,SK 데이터 2기가 2G 4000원에 팝니다 우리은행 거래내역 많음
140,갤럭시 노트10+ 아우라 화이트 256기가 자급제 65만원 팝니다
141,아이폰8 256기가 팝니다
142,삼성 S10 5G (G977) 256기가 자급제 팝니다
143,갤럭시노트10 자급제모델 미개봉품 팝니다. 당연히 공기계 미개봉품.
144,스위치라이트팝니다
145,아이폰8 256기가 골드 S급 (A1905) 팝니다
146,SK 데이터 2기가 2G 4000원에 팝니다 우리은행 거래내역 많음
147,갤럭시s10 핑크 색상 미개봉 미사용 자급제 공기계 팝니다.새거 s10
148,갤럭시S8 64기가 오키드그레이 B급 (G950) 팝니다
149,데이터 2기가 팝니다
150,삼성 갤럭시노트8 64G 블루 공기계 21만원 팝니다 (12910)
151,삼성 갤럭시S8+(플러스) 64G 로즈골드 A급 공기계 22만원 팝니다 (12908)
152,삼성 갤럭시S8+(플러스) 64G 로즈골드 특A급 공기계 24만원 팝니다 (12907)
153,삼성 갤럭시노트8 256G 블랙 A급 공기계 28만5천원 팝니다 (12902)
154,삼성 갤럭시노트8 256G 블루 A급 공기계 27만원 팝니다 (12901)
155,엘지 LG G6 32G 블루색상 특A급 공기계 9만원 팝니다 (12813)
156,삼성 갤럭시A8 32G 2018년형 블루색상 A급 공기계 11만5천원 팝니다 (12811)
157,엘지 LG V20 64G 핑크색상 특S급[새상품급] 공기계 9만원 팝니다 (12810)
158,삼성 갤럭시S8 64G 오키드색상 공기계 18만원 팝니다 (12808)
159,엘지 LG G6 32G 블루색상 특S급[새상품급] 공기계 10만원 팝니다 (12805)
160,SKT T끼리 데이터 2기가 팝니다
161,엘지 LG G6 32G 골드색상 특S급[새상품급] 공기계 10만원 팝니다 (12804)
162,엘지 LG G6 64G 블랙색상 특A급 공기계 10만원 팝니다 (12803)
163,엘지 LG G6 32G 화이트색상 특A급 공기계 9만원 팝니다 (12802)
164,엘지 LG G6 64G 실버색상 특S급[새상품급] 공기계 11만원 팝니다 (12801)
165,삼성 갤럭시노트8 64G 블루 공기계 21만원 팝니다 (12910)
166,삼성 갤럭시S8+(플러스) 64G 로즈골드 A급 공기계 22만원 팝니다 (12908)
167,삼성 갤럭시S8+(플러스) 64G 로즈골드 특A급 공기계 24만원 팝니다 (12907)
168,삼성 갤럭시노트8 256G 블랙 A급 공기계 28만5천원 팝니다 (12902)
169,삼성 갤럭시노트8 256G 블루 A급 공기계 27만원 팝니다 (12901)
170,엘지 LG G6 32G 블루색상 특A급 공기계 9만원 팝니다 (12813)
171,삼성 갤럭시A8 32G 2018년형 블루색상 A급 공기계 11만5천원 팝니다 (12811)
172,엘지 LG V20 64G 핑크색상 특S급[새상품급] 공기계 9만원 팝니다 (12810)
173,삼성 갤럭시S8 64G 오키드색상 공기계 18만원 팝니다 (12808)
174,엘지 LG G6 32G 블루색상 특S급[새상품급] 공기계 10만원 팝니다 (12805)
175,SKT T끼리 데이터 2기가 팝니다
176,엘지 LG G6 32G 골드색상 특S급[새상품급] 공기계 10만원 팝니다 (12804)
177,엘지 LG G6 64G 블랙색상 특A급 공기계 10만원 팝니다 (12803)
178,엘지 LG G6 32G 화이트색상 특A급 공기계 9만원 팝니다 (12802)
179,엘지 LG G6 64G 실버색상 특S급[새상품급] 공기계 11만원 팝니다 (12801)
180,삼성 갤럭시노트8 64G 블랙 특A급 공기계 27만원 팝니다 (12219)
181,삼성 갤럭시노트8 64G 블랙 특A급 공기계 27만원 팝니다 (12217)
182,삼성 갤럭시J7 32G 2017년형 블랙 특S급[새상품급] 공기계 11만원 팝니다 (12215)
183,삼성 갤럭시J7 32G 2017년형 블랙 특A급 공기계 10만원 팝니다 (12216)
184,삼성 갤럭시J5 32G 2017년형 핑크 특S급[새상품급] 공기계 9만원 팝니다 (12215)
185,삼성 갤럭시J5 32G 2017년형 블루 특A급 공기계 7만5천원 팝니다 (12214)
186,삼성 갤럭시노트5 32G 골드 특A급 공기계 13만원 팝니다 (12213)
187,삼성 갤럭시S8 64G 오키드그레이 특A급 공기계 21만원 팝니다 (12210)
188,애플 아이폰XR 128G 블랙 특A급 공기계 45만원 팝니다 (12205)
189,삼성 갤럭시노트8 64G 블루 특S급[새상품급] 공기계 30만원 팝니다 (12204)
190,엘지 LG V50S 256G 블랙 A급 공기계 42만원 팝니다 (12112)
191,삼성 갤럭시S6 32G 골드 공기계 7만원 팝니다 (12103)
192,삼성 갤럭시A7 32G 2017년형 골드 특A급 공기계 11만원 팝니다 (12013)
193,삼성 갤럭시노트7(Fe) 64G 실버 특A급 공기계 19만원 팝니다 (12006)
194,삼성 갤럭시A9 128G 2018년형 블루 특S급[새상품급] 공기계 25만원 팝니다 (12004)
195,삼성 갤럭시A8 32G 2018년형 골드 특A급 공기계 14만원 팝니다 (12003)
196,삼성 갤럭시A8 32G 2018년형 블루 특A급 공기계 13만원 팝니다 (12002)
197,엘지 LG G6 64G 블루 특A급 공기계 10만원 팝니다 (11702)
198,삼성 갤럭시S6 32G 블랙 공기계 7만원 팝니다 (11619)
199,삼성 갤럭시S8 64G 레드 잔상공기계 13만원 팝니다 (11615)
200,삼성 갤럭시A8 32G 2018년형 블루 특A급 공기계 14만원 팝니다 (11510)
201,sk데이터 2기가 팝니다
202,엘지 LG Q9 64G 블루 2019년형 특A급 공기계 13만5천원 팝니다 (12012)
203,삼성 갤럭시S7 32G 블랙색상 공기계 10만원 팝니다 (12920)
204,삼성 갤럭시S8 64G 오키드색상 A급 공기계 18만원 팝니다 (12917)
205,엘지 LG X4+ 32G 2018년형 블루색상 A급 공기계 6만원 팝니다 (12916)
206,삼성 갤럭시노트5 32G 골드색상 공기계 10만원 팝니다 (12913)
207,삼성 갤럭시A5 핑크색상 특A급 공기계 6만원 팝니다 (12914)
208,삼성 갤럭시S8 64G 오키드색상 공기계 18만원 팝니다 (12912)
209,삼성 갤럭시노트8 64G 블루 공기계 21만원 팝니다 (12910)
210,삼성 갤럭시S8+(플러스) 64G 로즈골드 A급 공기계 22만원 팝니다 (12908)
211,삼성 갤럭시S8+(플러스) 64G 로즈골드 특A급 공기계 24만원 팝니다 (12907)
212,삼성 갤럭시노트8 256G 블랙 A급 공기계 28만5천원 팝니다 (12902)
213,삼성 갤럭시A8 32G 2018년형 블랙 특A급 공기계 14만원 팝니다 (11509)
214,삼성 갤럭시A8 32G 2018년형 블랙 특A급 공기계 14만원 팝니다 (11508)
215,삼성 갤럭시A8 32G 2018년형 블루 특S급[새상품급] 공기계 15만원 팝니다 (11502)
216,부산 갤럭시 A8 2018 (SM-A530) 블랙 32G 팝니다
217,삼성 갤럭시노트7(Fe) 64G 골드 특S급[새상품급] 공기계 20만원 팝니다 (10904)
218,애플 아이폰SE 64G 특S급[새상품급/배터리100퍼] 공기계 18만원 팝니다 (10121)
219,아이폰6S 128기가 골드 A급 (A1688) 팝니다
220,삼성 갤럭시와이드2 2017년형 실버 특S급[새상품급] 공기계 7만5천원 팝니다 (21722)
221,삼성 갤럭시J6 32G 2018년형 골드 A급 공기계 11만원 팝니다 (21702)
222,부산 아이폰8 골드 256G 팝니다
223,삼성 갤럭시J6 32G 2018년형 블랙 A급 공기계 11만원 팝니다 (21701)
224,삼성 갤럭시A7 32G 2017년형 골드 공기계 9만5천원 팝니다 (21323)
225,삼성 갤럭시노트8 256G 블루 A급 공기계 27만원 팝니다 (12901)
226,엘지 LG G6 32G 블루색상 특A급 공기계 9만원 팝니다 (12813)
227,삼성 갤럭시A8 32G 2018년형 블루색상 A급 공기계 11만5천원 팝니다 (12811)
228,엘지 LG V20 64G 핑크색상 특S급[새상품급] 공기계 9만원 팝니다 (12810)
229,삼성 갤럭시S8 64G 오키드색상 공기계 18만원 팝니다 (12808)
230,엘지 LG G6 32G 블루색상 특S급[새상품급] 공기계 10만원 팝니다 (12805)
231,엘지 LG G6 32G 골드색상 특S급[새상품급] 공기계 10만원 팝니다 (12804)
232,엘지 LG G6 64G 블랙색상 특A급 공기계 10만원 팝니다 (12803)
233,엘지 LG G6 32G 화이트색상 특A급 공기계 9만원 팝니다 (12802)
234,엘지 LG G6 64G 실버색상 특S급[새상품급] 공기계 11만원 팝니다 (12801)
235,아이폰 8플러스 256기가
236,삼성 갤럭시노트8 64G 블랙 특A급 공기계 27만원 팝니다 (12219)
237,삼성 갤럭시노트8 64G 블랙 특A급 공기계 27만원 팝니다 (12217)
238,삼성 갤럭시J7 32G 2017년형 블랙 특S급[새상품급] 공기계 11만원 팝니다 (12215)
239,삼성 갤럭시J7 32G 2017년형 블랙 특A급 공기계 10만원 팝니다 (12216)
240,삼성 갤럭시J5 32G 2017년형 핑크 특S급[새상품급] 공기계 9만원 팝니다 (12215)
241,삼성 갤럭시J5 32G 2017년형 블루 특A급 공기계 7만5천원 팝니다 (12214)
242,삼성 갤럭시노트5 32G 골드 특A급 공기계 13만원 팝니다 (12213)
243,삼성 갤럭시S8 64G 오키드그레이 특A급 공기계 21만원 팝니다 (12210)
244,애플 아이폰XR 128G 블랙 특A급 공기계 45만원 팝니다 (12205)
245,삼성 갤럭시노트8 64G 블루 특S급[새상품급] 공기계 30만원 팝니다 (12204)
246,갤럭시노트8 64기가 골드 A급 (N950) 팝니다
247,엘지 LG V50S 256G 블랙 A급 공기계 42만원 팝니다 (12112)
248,삼성 갤럭시S6 32G 골드 공기계 7만원 팝니다 (12103)
249,삼성 갤럭시A7 32G 2017년형 골드 특A급 공기계 11만원 팝니다 (12013)
250,삼성 갤럭시노트7(Fe) 64G 실버 특A급 공기계 19만원 팝니다 (12006)
251,삼성 갤럭시A9 128G 2018년형 블루 특S급[새상품급] 공기계 25만원 팝니다 (12004)
252,삼성 갤럭시A8 32G 2018년형 골드 특A급 공기계 14만원 팝니다 (12003)
253,삼성 갤럭시A8 32G 2018년형 블루 특A급 공기계 13만원 팝니다 (12002)
254,엘지 LG G6 64G 블루 특A급 공기계 10만원 팝니다 (11702)
255,삼성 갤럭시S6 32G 블랙 공기계 7만원 팝니다 (11619)
256,삼성 갤럭시S8 64G 레드 잔상공기계 13만원 팝니다 (11615)
257,삼성 갤럭시A8 32G 2018년형 블루 특A급 공기계 14만원 팝니다 (11510)
258,삼성 갤럭시A8 32G 2018년형 블랙 특A급 공기계 14만원 팝니다 (11509)
259,삼성 갤럭시A8 32G 2018년형 블랙 특A급 공기계 14만원 팝니다 (11508)
260,삼성 갤럭시A8 32G 2018년형 블루 특S급[새상품급] 공기계 15만원 팝니다 (11502)
261,삼성 갤럭시노트7(Fe) 64G 골드 특S급[새상품급] 공기계 20만원 팝니다 (10904)
262,애플 아이폰SE 64G 특S급[새상품급/배터리100퍼] 공기계 18만원 팝니다 (10121)
263,삼성 갤럭시와이드2 2017년형 실버 특S급[새상품급] 공기계 7만5천원 팝니다 (21722)
264,삼성 갤럭시J6 32G 2018년형 골드 A급 공기계 11만원 팝니다 (21702)
265,삼성 갤럭시J6 32G 2018년형 블랙 A급 공기계 11만원 팝니다 (21701)
266,삼성 갤럭시A7 32G 2017년형 골드 공기계 9만5천원 팝니다 (21323)
267,스카이폴더폰팝니다
268,부산 갤럭시 노트5 골드 32G 팝니다
269,SK 데이터 2기가 2G 4000원에 팝니다 우리은행 거래내역 많음
270,갤럭시노트4 32기가 골드 A급 (N910) 팝니다
271,아이폰 XS MAX 64G 리퍼 후 미사용 팝니다!
272,아이폰 11 Pro max 팝니다 64기가
273,아이폰11 64g 레드 팝니다!! 상태최상
274,부산 갤럭시 S9 블루 64G 팝니다
275,데이터2기가3000원팝니다
276,데이터2기가3000원팝니다
277,데이터2기가3000원팝니다
278,데이터2기가3000원팝니다
279,삼성 갤럭시버즈 갤버드 갤럭시버드 미개봉품 팝니다. 서울
280,갤럭시S7엣지 128기가 블랙 B급 (G935) 팝니다
281,데이터2기가3000원팝니다
282,데이터2기가3000원팝니다
283,데이터2기가3000원팝니다
284,아이폰6S 16기가 로즈골드 A급 (A1688) 팝니다
285,데이터2기가3000원팝니다
286,데이터2기가3000원팝니다
287,데이터2기가3000원팝니다
288,데이터2기가3000원팝니다
289,데이터2기가3000원팝니다
290,데이터2기가3000원팝니다
291,LG V30블랙 64GB 외관A급 정상해지공기계 13만원에 팝니다^^ 게임폰 가성비폰 추천! 전국택배가능!
292,아이폰 6S 64기가 팝니다.
293,데이터2기가3000원팝니다
294,데이터2기가3500원팝니다
295,데이터2기가3500원팝니다
296,데이터2기가3500원팝니다
297,데이터2기가3500원팝니다
298,성수 이마트입점_ 아이폰xs 골드 64기가 리퍼후 리퍼 미사용 6월 25일까지 제품팝니다 박사폰이마트성수점
299,아이폰SE 64G 스페이스 그레이
300,갤럭시A90 5G 자급제 미개봉 공기계팝니다. 블랙 128기가
301,아이폰X 256기가 블랙 A+급 (A1901) 팝니다
302,아이폰6S플러스 64기가 로즈골드 A급 (A1687) 팝니다
303,skt 데이터 2기가 4000원 팝니다
304,아이폰7 128기가 블랙 A급 (A1778) 팝니다
305,아이폰8 64기가 골드 S급 팝니다
306,데이터2기가3800원팝니다.
307,갤럭시s4 32G팝니다
308,아이폰6 64기가 스페이스그레이 A급 (A1586) 팝니다
309,데이터2기가3800원팝니다
310,부산 갤럭시 노트8 오키드 64G 팝니다.흑점
311,부산 갤럭시 A8 2018 (SM-A530) 블랙 32G 팝니다
312,갤럭시S9플러스 256기가 블루 S급 (G965) 팝니다
313,갤럭시A5 16기가 블랙 A급 (A500) 팝니다
314,갤럭시노트9 128기가 메탈릭코퍼 A급 (N960) 팝니다
315,갤럭시A90 5G 자급제 미개봉 공기계팝니다. 블랙 128기가
316,아이폰X 256기가 블랙 A+급 (A1901) 팝니다
317,아이폰6S플러스 64기가 로즈골드 A급 (A1687) 팝니다
318,skt 데이터 2기가 4000원 팝니다
319,아이폰7 128기가 블랙 A급 (A1778) 팝니다
320,아이폰8 64기가 골드 S급 팝니다
321,데이터2기가3800원팝니다.
322,갤럭시s4 32G팝니다
323,아이폰6 64기가 스페이스그레이 A급 (A1586) 팝니다
324,데이터2기가3800원팝니다
325,부산 갤럭시 노트8 오키드 64G 팝니다.흑점
326,부산 갤럭시 A8 2018 (SM-A530) 블랙 32G 팝니다
327,갤럭시S9플러스 256기가 블루 S급 (G965) 팝니다
328,갤럭시A5 16기가 블랙 A급 (A500) 팝니다
329,갤럭시노트9 128기가 메탈릭코퍼 A급 (N960) 팝니다
330,부산 갤럭시 S9 (G960N) 블랙 64G 팝니다
331,데이터2기가3800원팝니다
332,노트9 실버컬러 정상해지한 sk모델 중고폰 팝니다. 공기계에요.
333,아이폰8플러스 64기가 골드 A-급 (A1897) 팝니다
334,아이폰X 64기가 블랙 A급 (A1901) 팝니다
335,skt 데이터 2기가 4000원에 팝니다
336,갤럭시 S10 5G 블랙 256gb SKT (3사가능) 정상해지공기계 확정기변가능 박스풀셋 팝니다
337,아이폰7플러스 128기가 블랙 B급 (A1784) 팝니다
338,엘지 V50 (V500) 128기가 팝니다
339,아이폰xs max 256기가 화이트 팝니다.
340,삼성 S9플러스 (G965) 64기가 팝니다
341,삼성 S9 (G960) 64기가 팝니다
342,엘지 G6 (G600) 64기가 팝니다
343,바로.데이터2기가3800원팝니다
344,sk 데이터 2기가 팝니다
345,갤럭시노트5 128기가 골드 A급 (N920) 팝니다
346,아이폰6S 64기가 로즈골드 B급 (A1688) 팝니다
347,아이폰X 256기가 블랙 S급 (A1901) 팝니다
348,아이폰6 64G실버팝니다
349,G7 64기가 그린 S급 (G710) 팝니다
350,아이폰8 64기가 골드 S급 팝니다~
351,아이폰X 256기가 화이트 A급 (A1901) 팝니다
352,데이터2기가3800원팝니다
353,아이폰X 256기가 블랙 A급 (A1901) 팝니다
354,데이터2기가3800원팝니다
355,갤럭시 와이드4 미개봉 팝니다
356,데이터2기가3800원팝니다.
357,갤럭시A8 star팝니다.s급
358,갤럭시S5 32기가 화이트 B급 (G900) 팝니다
359,데이터2기가3800원팝니다
360,공기계 미사용새폰 완박~!! 갤럭시s10 5G모델 미사용품 완박 팝니다.
361,아이폰5S 16기가 골드 A급 (A1530) 팝니다
362,데이터2기가3800원팝니다
363,부산 갤럭시 노트FE (N935) 블랙 64G 팝니다
364,부산 아이폰8 골드 64G 팝니다.A-
365,SKT 데이터 2기가 3000원 !!!
366,아이폰6S 32기가 로즈골드 S급 (A1688) 팝니다
367,G7 64 블루 팝니다.
368,데이터2기가3800원팝니다
369,A30 32 레드 a급 팝니다.
370,아이폰8플러스 64기가 블랙 A+급 (A1897) 팝니다
371,데이터2기가3800원팝니다
372,아이폰7 128기가 로즈골드 A급 (A1778) 팝니다
373,SK 데이터 2기가 4000원에 판매합니다
374,갤럭시S9플러스 256기가 블루 S급 (G965) 팝니다
375,아이폰 7 128 gb 팝니다
376,데이터2기가3800원팝니다
377,아이폰SE 골드 64G 정상해지폰 17만 팝니다~^^
378,갤럭시노트10플러스 256기가 블랙 S급 (N976) 팝니다
379,실시간.데이터2기가3800원팝니다.
380,갤럭시 S7 두대 팝니다
381,데이터2기가팝니다3800원
382,갤럭시폴드 블랙 미개봉 미개통 미사용 공기계 미개봉씰 그대로 서울전지역 집앞 거래
383,엘지 ( V500 ) 5G모델 미사용 새폰 완박 팝니다. 서울
384,데이터2기가3800원팝니다
385,갤럭시S9 64기가 블루 A급 (G960) 팝니다
386,갤럭시 S10 5G 블랙 256gb SKT (3사가능) 정상해지공기계 확정기변가능 박스풀셋 팝니다
387,아이폰8플러스 256기가 골드 S급 (A1897) 팝니다
388,부산 갤럭시 노트8 오키드 64G 팝니다.흑점
389,데이터2기가3800원팝니다.
390,데이터 2기가 최저가 3400원 팝니다.2g 3400
391,데이터2기가3800원팝니다
392,갤럭시 S8+ (S8 플러스) 블랙 SK모델 팝니다.
393,아이폰7 블랙 부품용폰팝니다
394,아이폰7 블랙 부품용폰팝니다
395,아이폰7 블랙 부품용폰팝니다
396,부산 갤럭시 S9 (G960N) 블랙 64G 팝니다
397,갤럭시 S8 부품용폰 팝니다
398,갤럭시 S8 부품용폰 팝니다
399,부산 아이폰8 스그 64G 팝니다.A-
400,G7 64 블루 팝니다.
401,아이폰11 PRO MAX goophone 구폰팝니다
402,A30 32 레드 a급 팝니다.
403,아이폰X 256기가 화이트 A급 (A1901) 팝니다
404,대구 구미 아이폰8플러스 골드 64G 팝니다
405,갤럭시노트10플러스 512기가 블랙 S급 (N976) 팝니다
406,실시간.데이터2기가3800원팝니다
407,데이터2기가3800원팝니다.
408,sk데이터 2기가 싸게 팝니다
409,아이폰X 64기가 블랙 A급 (A1901) 팝니다
410,데이터2기가3800원팝니다
411,아이폰7플러스 128기가 블랙 B급 (A1784) 팝니다
412,SKT 데이터 팝니다
413,아이폰6s. 6.9에 판매합니다
414,아이폰X 256기가 블랙 A+급 (A1901) 팝니다
415,갤럭시s10 5G모델 sk통신사 골드컬러 팝니다. 서울
416,SKT 데이터팝니다
417,데이터2기가3800원팝니다.
418,갤럭시A90 5G 자급제 미개봉 공기계팝니다. 블랙 128기가
419,아이폰6S 64기가 로즈골드 B급 (A1688) 팝니다
420,갤럭시S8 64기가 오키드그레이 A급 (G950) 팝니다
421,G7 64기가 그린 S급 (G710) 팝니다
422,갤럭시 진2 (a202) 미개봉품 공기계 팝니다. 가성비좋은 미개봉품 새것.
423,G7 64 블루 팝니다.
424,데이터2기가3800원팝니다
425,아이폰7 블랙 32G / 보증 20년 9월까지 / 배터리 99% 신품급 / 충전케이스포함/ 개인
426,A30 32 레드 a급 팝니다.
427,아이폰6S플러스 64기가 로즈골드 A급 (A1687) 팝니다
428,갤럭시S9플러스 256기가 블루 S급 (G965) 팝니다
429,skt데이터 팝니다 1기가 2000원 총4기가 있습니다 (거래내역 많이 있습니다)
430,아이폰7 128기가 블랙 A급 (A1778) 팝니다
431,부산 갤럭시 노트FE (N935) 블랙 64G 팝니다
432,갤럭시노트9 128기가 메탈릭코퍼 A급 (N960) 팝니다
433,갤럭시S5 32기가 화이트 B급 (G900) 팝니다
434,아이폰6 64기가 스페이스그레이 A급 (A1586) 팝니다
435,아이폰8플러스 64기가 골드 A-급 (A1897) 팝니다
436,갤럭시A5 16기가 블랙 A급 (A500) 팝니다
437,갤럭시노트10플러스 256기가 블랙 S급 (N976) 팝니다
438,갤럭시 S10 5G 블랙 256gb SKT (3사가능) 정상해지공기계 확정기변가능 박스풀셋 팝니다
439,갤럭시노트5 128기가 골드 A급 (N920) 팝니다
440,G7 64 블루 팝니다.
441,A30 32 레드 a급 팝니다.
442,데이터2기가3800원팝니다.
443,부산 갤럭시 노트5 골드 32G 팝니다
444,데이터2기가 3800원팝니다
445,엘지 V50 (V500) 128기가 팝니다
446,아이폰8플러스 256기가 골드 S급 (A1897) 팝니다
447,삼성 S9플러스 (G965) 64기가 팝니다
448,삼성 S9 (G960) 64기가 팝니다
449,엘지 G6 (G600) 64기가 팝니다
450,신뢰만점에용 갤럭시 S9 플러스 64G 23만원 팝니다 퍼플색상 공기계
451,X100 LG 스마트폴더(공부폰/수험생폰/폴더폰) 팝니다.
452,xs max 512 스페이그레이 풀박스 리퍼후미사용 리퍼길게남은제품팝니다
453,갤럭시 플립z 톰브라운에디션/각개팝니다/버즈플러스/갤럭시워치 팝니다
454,갤럭시 플립z 톰브라운에디션/각개팝니다/버즈플러스/갤럭시워치 팝니다
455,skt 1기가 1500원팝니다 2기가까지
456,A급이상되는 아이폰6팝니다
457,아이폰8+ 64gb 정상해지 폰 팝니다
458,SKT 데이터 2GB 팝니다
459,SKT데이터 2기가 3000원에 팝니다(4기가있어요)
460,( 울산 )아이폰xs 64g 스그 공기기팝니다!!
461,(판매완료) 베가 아이언2(IM-A910)
462,부산 갤럭시 A8 2018 (SM-A530) 블랙 32G 팝니다
463,sk 데이터 2기가 3500원에 팝니다
464,갤럭시 플립z 톰브라운에디션/각개팝니다/버즈플러스/갤럭시워치 팝니다
465,신뢰만점에용 갤럭시 S9 플러스 64G 23만원 팝니다 퍼플색상 공기계
466,X100 LG 스마트폴더(공부폰/수험생폰/폴더폰) 팝니다.
467,xs max 512 스페이그레이 풀박스 리퍼후미사용 리퍼길게남은제품팝니다
468,갤럭시 플립z 톰브라운에디션/각개팝니다/버즈플러스/갤럭시워치 팝니다
469,갤럭시 플립z 톰브라운에디션/각개팝니다/버즈플러스/갤럭시워치 팝니다
470,skt 1기가 1500원팝니다 2기가까지
471,A급이상되는 아이폰6팝니다
472,아이폰8+ 64gb 정상해지 폰 팝니다
473,SKT 데이터 2GB 팝니다
474,SKT데이터 2기가 3000원에 팝니다(4기가있어요)
475,( 울산 )아이폰xs 64g 스그 공기기팝니다!!
476,(판매완료) 베가 아이언2(IM-A910)
477,부산 갤럭시 A8 2018 (SM-A530) 블랙 32G 팝니다
478,sk 데이터 2기가 3500원에 팝니다
479,갤럭시 플립z 톰브라운에디션/각개팝니다/버즈플러스/갤럭시워치 팝니다
480,갤럭시z플립 퍼플
481,갤럭시 S9플러스 [■]가격에 팝니다
482,▶ 대박인기많은 갤럭시S9플러스 팝니다
483,삼성 갤럭시 와이드3 32GB 블루 A급 4만원 판매합니다
484,부산 갤럭시 S9 블루 64G 팝니다
485,[부산] 갤럭시9 A+ 급 팝니다!
486,●아이들 선물용● 갤럭시 노트5 한정수량만 이가격에 팝니다
487,갤럭시 S7 상태좋은제품 저렴하게 팝니다
488,skt 데이터 2기가 3000원에 팝니다
489,부산 갤럭시 S8 블랙 64G 팝니다.게임폰추천
490,갤럭시 S10 5G 블랙 256gb SKT (3사가능) A급 정상해지 확정기변가능 박스풀셋 49만원 팝니다
491,Skt 데이터 2기가 5000원 팝니다
492,데이터 2기가 판매합니다
493,부산 갤럭시 노트FE (N935) 블랙 64G 팝니다
494,SKT 데이터 2기가 3000원에 팝니다 신한은행입니다 칼거레 ㄱㄱ
495,갤럭시 S10 5G 블랙 256gb SKT (3사가능) A급 정상해지 확정기변가능 박스풀셋 49만원 팝니다
496,부산 갤럭시 노트8 오키드 64G 팝니다.흑점
497,57번 노트10 +플러스 256G SS급 제품 68만 팝니다 의정부직거래가능
498,부산 갤럭시 S9 (G960N) 블랙 64G 팝니다
499,S급 완전 깨끗한 공기계 갤럭시 노트9 퍼플 팝니다. (정상해지완료)
500,"정상해지 풀박스 아이폰XR 128GB 블랙,실버 32만원에 팝니다"
501,skt 데이터 팝니다 2기가 2500원
502,skt 데이터 팝니다 2500원
503,아이폰 xs 64기가 실버 팝니다!!
504,아이폰 11 프로 256G 가개통 풀박스 팝니다(유심기변가능) 안양 직거래
505,삼성 갤럭시 A40 팝니다 싸게
506,대구)a205s wide4 갤럭시 와이드4 블랙 미개봉 풀박 새상품 판매합니다
507,데이터 2G 팝니다 (1기가 2000원)
508,sk 데이터 2기가팝니다
509,아이폰X 64기가 실버 풀박 부산직거래 팝니다
510,아이폰X 64기가 실버 풀박 부산직거래 팝니다
511,아이폰8 256기가 블랙 팝니다!
512,창원중고폰 LG V40 128GB 블루 저렴히 팝니다
513,창원중고폰 LG V40 128GB 실버 저렴히 팝니다
514,48번 2018년 온7 6.5만원 팝니다
515,창원중고폰 갤럭시S9 64GB 퍼플 저렴히 팝니다
516,데이터 2기가 3천원팝니다
517,창원중고폰 갤럭시S8 64GB 블루 저렴히 팝니다
518,창원중고폰 갤럭시S9플러스 64GB 퍼플 저렴히 팝니다
519,창원중고폰 갤럭시A30 32GB 화이트 저렴히 팝니다
520,Skt 2기가 팝니다 3500원
521,창원중고폰 아이폰X 64GB 실버 저렴히 팝니다
522,창원중고폰 LG G7 64GB 블루 뒤판 구석파손 저렴히 팝니다
523,창원중고폰 아이폰6S 32GB 스페이스그레이 저렴히 팝니다
524,( 울산 )갤럭시S8 64G SK 블랙 공기기팝니다!!
525,창원중고폰 갤럭시S9플러스 64GB 블루 저렴히 팝니다
526,창원중고폰 갤럭시노트9 128GB 블랙 뒤판 구석파손 저렴히 팝니다
527,skt 데이터 2기가 3000팝니다
528,갤럭시노트10 미사용새거 화이트 공기계 새거 입니다!! 서울직거래
529,창원중고폰 아이폰XS 64GB 실버 저렴히 팝니다
530,갤럭시 노트 8 팝니다
531,창원중고폰 LG V40 128GB 블루 구석파손 저렴히 팝니다
532,창원중고폰 갤럭시S10플러스 128GB 프리즘화이트 구석파손 저렴히 팝니다
533,창원중고폰 아이폰11 128GB 화이트 저렴히 팝니다
534,"skt데이터 2기가 3,000원팝니다"
535,갤럭시 S10 5G 블랙 256gb SKT (3사가능) A급 정상해지 확정기변가능 박스풀셋 49만원 팝니다
536,Z플립 퍼플 가개통 팝니다.
537,아이폰6S 팝니다
538,◈부산 쭈야폰◈직거래◈택배◈ 삼성 갤럭시 노트8 64기가 오키드그레이 n950 16만원 판매합니다.
539,갤럭시S9플러스 64기가 퍼플 B급 (G965) 팝니다
540,엘지 V50S (V510) 256기가 팝니다
541,엘지 V40 (V409) 128기가 팝니다
542,삼성 S105G (G977) 256기가 팝니다
543,삼성 S10e (G970) 128기가 팝니다
544,삼성 S9 (G960) 64기가 팝니다
545,삼성 S8 (G950) 64기가 팝니다
546,X500 32기가 골드 A급 (X320) 팝니다
547,갤럭시노트10플러스 256기가 블루 S급 (N976) 팝니다
548,◈부산 쭈야폰◈ 삼성 갤럭시노트10 256기가 미개봉 단말자급제 풀박스 92만원에 팝니다.
549,갤럭시s20 (sk모델) 미개봉품 새폰 팝니다. 미개봉 미사용 새폰
550,아이폰 XR 화이트 64G SS급 50만 개인판매
551,갤럭시ON7 16기가 블랙 A급 (G610) 팝니다
552,아이폰XS 64 팝니다.
553,아이폰X 64기가 화이트
554,갤럭시S9플러스 64기가 블랙 S급 (G965) 팝니다
555,(송탄) 아이폰8+ 로즈골드 64기가 베터리성능100% 팝니다 ◉안전거래 가능◉
556,(송탄) 아이폰xr 블루 128기가 팝니다 ◉안전거래 가능◉
557,(송탄) 갤럭시노트9 블루 512기가 팝니다 ◉안전거래 가능◉
558,(송탄) 갤럭시s8+ 오키드그레이 64기가 팝니다 ◉안전거래 가능◉
559,(송탄) 갤럭시 워치 46mm 실버 4기가 팝니다◉안전거래 가능◉
560,아이폰11 PROMAX 64기가 스페이스그레이 S급 (A2218) 팝니다
561,(송탄) 갤럭시노트10+ 화이트 256기가 팝니다 ◉안전거래 가능◉
562,(송탄) 아이폰xr 코랄 64기가 팝니다 ◉안전거래 가능◉
563,(송탄) 아이폰7 로즈골드 128기가 팝니다 ◉안전거래 가능◉
564,(송탄) 아이폰11pro max 골드 256기가 배터리성능상태99% 팝니다 ◉안전거래 가능◉
565,갤럭시S9플러스 64기가 퍼플 A급 (G965) 팝니다
566,(송탄) 갤럭시A7(2016) 핑크 16기가 팝니다 ◉안전거래 가능◉
567,아이폰 11 por 256GB 팝니다.
568,(송탄) 갤럭시s8 레드 64기가 팝니다 ◉안전거래 가능◉
569,(송탄) 갤럭시s8 실버 64기가 팝니다 ◉안전거래 가능◉
570,(송탄) 갤럭시S9+ 블랙 256기가 팝니다 ◉안전거래 가능◉
571,(송탄) 갤럭시탭A(2017) SM-T385L 32기가 블랙 팝니다 ◉안전거래 가능◉
572,(송탄) 아이폰se 64기가 로즈골드 배터리성능상태100% 팝니다 ◉안전거래 가능◉
573,(송탄) 아이폰8 스페이스그레이 64기가 팝니다 ◉안전거래 가능◉
574,(송탄) 갤럭시노트10 아우라핑크 256기가 팝니다 ◉안전거래 가능◉
575,(송탄) 갤럭시노트9 코퍼 128기가 팝니다 ◉안전거래 가능◉
576,갤럭시와이드 16기가 블랙 A급 (G600) 팝니다
577,아이폰X 256기가 화이트 S급 (A1901) 팝니다
578,(송탄) 아이폰xs max 스페이스그레이 256기가 팝니다 ◉안전거래 가능◉
579,(송탄) 아이폰X 스페이스그레이 64기가 팝니다 ◉안전거래 가능◉
580,(송탄) 아이폰x 실버 64기가 팝니다 ◉안전거래 가능◉
581,아이폰X 64기가 실버 풀박 부산직거래 팝니다
582,갤럭시S6 32기가 골드 A급 (G920) 팝니다
583,갤럭시엣지S7엣지 64기가 블루 A급 (G935) 팝니다
584,아이폰8 64기가 골드 A급 (A1905) 팝니다
585,갤럭시노트5 32기가 골드 A급 (N920) 팝니다
586,[부산] 갤럭시9 A+ 급 팝니다!
587,아이폰xR 블랙컬러 공기계 팝니다. 리퍼기간 7월까지 남음. 배터리상태완전좋음.
588,아이폰11 화이트 256gb 팝니다
589,갤럭시J4플러스 32기가 블랙 S급 (J415) 팝니다
590,아이폰7 매트블랙 128g팝니다
591,아이폰11프로맥스 64기가 블랙 ss급 자급제기기 대구직거래나 퀵or택배팝니다
592,아이폰XR 64기가 블랙 A급 (A2105) 팝니다
593,갤럭시S6 64기가 블루 A급 (G920) 팝니다
594,데이터 2기가 팝니다
595,skt데이터 2기가 3000원팝니다.
596,skt데이터 2기가 3000원팝니다.
597,갤럭시S9 64기가 퍼플 S급 (G960) 팝니다
598,skt 2기가 3천원에 팝니다~
599,갤럭시S9플러스 64기가 블랙 S급 (G965) 팝니다
600,아이폰 8 액파
601,스타일러스2 2대 공기계 팝니다 ♥★판매완료★♥
602,아이폰8 플러스 64G 로즈골드 - A급 2개 팝니다.
603,skT 데이터 2기가 팝니다 2500원 (1기가는 1500원)
604,공기계 급쳐팝니다 ( 갤럭시 A7 2018년형 64G (2019.03.06일짜) A급 )
605,ll중고상점ll 판매왕추천거래 갤럭시 A5 2017년형 32G A급 공기계 엄청싸게팝니다
606,ll중고상점ll ~갤럭시~ JEAN 32G 2018년형 ~공기계~ 팝니다
607,[ 최저가에판매만 ] / 공기계 팝니다 / 갤럭시 J3 2017년형 특A급
608,팝니다 부산최저 ~아이폰7~ 플러스 128G 특A급 ~공기계~
609,전국 최저가에 팝니다 < (애플) 아이폰X 64G A급 풀박스 공기계 >
610,싸게팝니다 (A530) 갤럭시 A8 32G 2018년형 특A급 공기계
611,~공기계~ 팝니다 부산/택배 ~갤럭시~ JEAN 32G 2018년형 A급
612,노트5 5만원에 팝니다
613,애플 아이폰 11 128g 레드 풀박스 씰도안뜯은제품팝니다
614,SKT 데이터 2기가 3000원에 팝니다 신한은행입니다 칼거레 ㄱㄱ
615,아이폰 8 액파
616,스타일러스2 2대 공기계 팝니다 ♥★판매완료★♥
617,아이폰8 플러스 64G 로즈골드 - A급 2개 팝니다.
618,skT 데이터 2기가 팝니다 2500원 (1기가는 1500원)
619,공기계 급쳐팝니다 ( 갤럭시 A7 2018년형 64G (2019.03.06일짜) A급 )
620,ll중고상점ll 판매왕추천거래 갤럭시 A5 2017년형 32G A급 공기계 엄청싸게팝니다
621,ll중고상점ll ~갤럭시~ JEAN 32G 2018년형 ~공기계~ 팝니다
622,[ 최저가에판매만 ] / 공기계 팝니다 / 갤럭시 J3 2017년형 특A급
623,팝니다 부산최저 ~아이폰7~ 플러스 128G 특A급 ~공기계~
624,전국 최저가에 팝니다 < (애플) 아이폰X 64G A급 풀박스 공기계 >
625,싸게팝니다 (A530) 갤럭시 A8 32G 2018년형 특A급 공기계
626,~공기계~ 팝니다 부산/택배 ~갤럭시~ JEAN 32G 2018년형 A급
627,노트5 5만원에 팝니다
628,애플 아이폰 11 128g 레드 풀박스 씰도안뜯은제품팝니다
629,SKT 데이터 2기가 3000원에 팝니다 신한은행입니다 칼거레 ㄱㄱ
630,v50 단순개봉가개통 듀얼스크린a급포함 팝니다 2월10일개통
631,SKT 데이터 2기가 3000원에 팝니다 신한은행입니다 칼거레 ㄱㄱ
632,xs max 512 스페이스그레이 리퍼후 미사용 풀박스(고속충전되는11프로박스) 팝니다
633,v50 단순개봉가개통 듀얼스크린 개봉 포함팝니다 2월17일개통만한제품
634,SKT 데이터 2기가 3000원에 팝니다 신한은행입니다 칼거레 ㄱㄱ
635,v50 단순개봉 가개통 듀얼스크린 개봉(a급제품)최초통화일 2월29일 팝니다
636,g977 512 센터판 블랙 팝니다
637,바로.sk데이터2기가3500원팝니다
638,sk데이터2기가3500원팝니다.
639,M신뢰판매M (애플) 아이폰8 플러스 64G A급 !공기계! 팝니다
640,sk데이터2기가3500원팝니다
641,아이폰6
642,sk데이터2기가3500원팝니다
643,데이터2기가3500원팝니다
644,Skt 데이터 팝니다 1기가 2000원
645,아이폰8 64기가 팝니다
646,삼성 S9플러스 (G965) 64기가 팝니다
647,삼성 2018 A8 (A530) 32기가 팝니다
648,아이폰 6s 64기가 팝니다.
649,제트플립 팝니다. 개봉도 안했어요.
650,부산 쭈야폰 직거래 택배 삼성 갤럭시 노트8 64기가 오키드그레이 n950 16만원 판매합니다.
651,[클릭] 갤럭시S9플러스 팝니다
652,갤럭시 S7엣지 블랙 11만원에 팝니다. (정상해지완료)
653,부산 쭈야폰 삼성 갤럭시노트10 256기가 미개봉 단말자급제 풀박스 92만원에 팝니다.
654,갤럭시 워치 액티브2 40mm 실버 팝니다
655,무흠집에 잔상도 없는 공기계 갤럭시 노트8 팝니다. (정상해지완료됨)
656,갤럭시 s8 c급 싸게 팝니다.
657,듀얼스크린 포함 V50 블랙 30만원에 팝니다. ( 안전거래도 가능)
658,갤럭시 fe7 팝니다.
659,SKT 데이터 2기가 3000원에 팝니다 신한은행입니다 칼거레 ㄱㄱ
660,SKT 데이터 2기가 3000원에 팝니다 신한은행입니다 칼거레 ㄱㄱ
661,SKT 데이터 2G 팝니다 (빠른거래)
662,SKT 데이터 2기가 3000원에 팝니다 신한은행입니다 칼거레 ㄱㄱ
663,LG X100 블루 4만원에 팝니다 터치/카톡되는 폴더폰
664,SKT 데이터 2기가 3000원에 팝니다 신한은행입니다 칼거레 ㄱㄱ
665,SKT 데이터 2기가 3000원에 팝니다 신한은행입니다 칼거레 ㄱㄱ
666,"(개인판매, 가격낮춤) 아이폰8플러스 64기가 로즈골드"
667,SKT 데이터 2기가 3000원에 팝니다 신한은행입니다 칼거레 ㄱㄱ
668,SKT 데이터 2기가 3000원에 팝니다 신한은행입니다 칼거레 ㄱㄱ
669,화웨이 비와이폰2 화이트 A급 정상해지공기계 6만원에 팝니다
670,skt 데이터 팝니다 2500원
671,갤럭시S7 실버 32GB 외관A+급 정상해지공기계 8만원에 팝니다
672,갤럭시노트4 32GB 정상해지공기계 5만5천원에 팝니다
673,SKT 데이터 2기가 3000원에 팝니다 신한은행입니다 칼거레 ㄱㄱ
674,SKT 데이터 2기가 3000원에 팝니다 신한은행입니다 칼거레 ㄱㄱ
675,삼성 갤럭시S10 128GB 프리즘블랙 정상해지단말기 47만원에 팝니다
676,갤럭시A6(2018) 32GB 정상해지공기계 8만원에 팝니다 택배O 인천직거래O
677,갤럭시 S9 저렴하게 팝니다. 업자아니고 개인입니다. 상태좋고 싸게팝니다!
678,아이폰 xs max 64기가 스그 팝니다 문자로 보내주세요
679,아이폰11pro 256gb
680,아이폰x 256g 팝니다 에어팟1 같이드림
681,대전 아이폰11/128기가/블랙 팝니다
682,엘지 G7 (A급) 팝니다 (경남마산)
683,노트9 128기가 자급제폰 판매합니다.(블랙)
684,공기계 컨디션 좋은 노트FE (펜에디션) 팝니다. (안전거래도 가능)
685,아이폰 6s 64기가 팝니다.
686,갤럭시 s8 c급 팝니다.
687,LF-F480S 효도폰 팔아요(부산)
688,sk 데이터 2기가 3천원에 팝니다
689,부산 갤럭시 s7 엣지 128기가
690,lgu+데이터 팝니다 1gb에 2000원
691,갤럭시 s10 128g skt 팝니다
692,(개인판매-직거래희망) 가격낮춰요 아이폰8플러스 64기가 로즈골드 팝니다
693,아이폰 11 프로 64기가 팝니다
694,"sk, skt 데이터 2기가 3천원에 핍니다!!"
695,판매]갤럭시 노트9 128기가[퍼플?색]
696,갤럭시 s8 팝니다
697,완전 S급 공기계 갤럭시 노트9 브라운 팝니다.
698,갤럭시 그랜드 맥스 싸게 팝니다
699,skt 데이터 팝니다 2500원
700,skt 데이터 2GB 팝니당 4000원
701,아이폰 XS 64기가 블랙
702,아이폰 8 64 후면 깨짐 13에 팝니다
703,아이폰 8 블랙 64기가 20 만원 빠르게 팔아봅니다
704,인천)아이폰8 정산해지폰 팝니다
705,아이폰 8 블랙 64기가 20 만원 빠르게 팔아봅니다
706,창원중고폰 LG G8 128GB 블랙 싸게 팝니다
707,아이폰 8 64 후면 깨짐 13에 팝니다
708,"창원중고폰 갤럭시노트7FE 64GB 블랙,실버 저렴히 팝니다"
709,창원중고폰 갤럭시S8 64GB 오키드그레이 싸게 팝니다
710,창원중고폰 LG V50 128GB 블랙 팝니다!
711,창원중고폰 갤럭시진2 32GB 화이트 싸게 팝니다
712,아이폰 8 64 후면 깨짐 13에 팝니다
713,올레 와이파이 5월 이용권 팝니다. 1500원 핀번호로 보내드립니다.
714,무상AS남은 갤럭시 노트8 골드 팝니다. (성남/분당/광주)
715,창원중고폰 갤럭시S9 64GB 퍼플 뒤판 구석파손 팝니다
716,상태 좋은 부품용 갤럭시 노트5 팝니다.
717,갤럭시노트9 sk용 128gb 팝니다.
718,아이폰X 64g 33만 팝니다
719,블랙베리 키2 key2 17만원 판매합니다 가격 완전후려침
720,아이폰X 64GB 스페이스그레이 팝니다. (내용참조)
721,LGU+ 유플러스 데이터 팝니다 600메가 1000원
722,아이폰7 32기가 매트블랙 미개봉 가개통 팝니다. 부산 양산
723,아이폰11 128기가 블랙 가개통 팝니다. 부산 양산
724,아이폰11 64기가 퍼플 가개통 팝니다. 부산 양산
725,갤럭시 a90 팝니다 (skt 화이트 풀박스)
726,SKT 데이터 2기가 3000원에 팝니다 신한은행입니다 칼거레 ㄱㄱ
727,SKT 데이터 팝니다 1기가 1500원 (2기가 가능)
728,xs max 512 스페이스그레이 리퍼후 미사용 풀박스 팝니다
729,창원중고폰 아이폰8플러스 64GB 블랙 팝니다
730,창원중고폰 LG V30 64GB 블랙 팝니다
731,창원중고폰 LG G8 128GB 레드 A급 팝니다
732,창원중고폰 LG G7 64GB 블루 팝니다
733,창원중고폰 갤럭시폴드 5G 512GB 실버 단품 팝니다
734,SKT 데이터 2기가 3000원에 팝니다 신한은행입니다 칼거레 ㄱㄱ
735,창원중고폰 갤럭시노트10 5G 256GB 아우라글로우 팝니다
736,창원중고폰 아이폰8 64GB 골드 팝니다
737,창원중고폰 갤럭시노트9 128GB 실버 잔상폰 팝니다
738,[12만]아이폰 SE 16gb기가 로즈골드 팝니다.
739,SKT 데이터 2기가 3000원에 팝니다 신한은행입니다 칼거레 ㄱㄱ
740,SKT 데이터 2기가 3000원에 팝니다 신한은행입니다 칼거레 ㄱㄱ
741,SKT 데이터 2기가 3000원에 팝니다 신한은행입니다 칼거레 ㄱㄱ
742,(울산)아이폰11pro 프로/max/256g 2대 판매 미드나잇그린
743,부산 쭈야폰 애플 아이폰7+플러스 128GB 핑크색상 저렴하게 33만 팝니다.국내 최저가 판매!
744,아이폰8 팝니다 스페이스그레이(스그) 64기가 22만원 배터리97% 19년11월새상품
745,Kt 갤럭시s9 팝니다
746,아이폰8 64G 스페이스그레이 A급 팔아요
747,아이폰8플러스 64기가 스그 팝니다.
748,아이폰8 64기가 팝니다
749,삼성 S9플러스 (G965) 64기가 팝니다
750,아이폰 xs max 64골드 팝니다
751,G6 64 유플러스향 정상해지 5만
752,skt 2기가 3500
753,LG V30 바이올렛 공기계 팝니다
754,"<개인판매,업체x> 갤럭시 s8플러스 블루(64GB) & 정품충전기"
755,sk데이터 2기가 3000팝니다
756,*****************<대전> 아이폰 6 32기가 팝니다********************************
757,*****************<대전> 갤럭시 노트5 팝니다********************************
758,갤럭시폴드 실버 어드밴티지 수리후 미사용팝니다.
759,*****************<대전> 갤럭시 노트5 128기가 팝니다********************************
760,아이폰7 매트블랙 128기가 팝니다.
761,갤럭시 노트 8 블랙 64기가 A급 팝니다!
762,SKT 데이터 1기가당 1500원에 팝니다.
763,*****************<대전> 갤럭시 S7 팝니다********************************
764,SKT 데이터 1기가당 1500원에 팝니다
765,아이폰 xs max 64골드 팝니다
766,G6 64 유플러스향 정상해지 5만
767,skt 2기가 3500
768,LG V30 바이올렛 공기계 팝니다
769,"<개인판매,업체x> 갤럭시 s8플러스 블루(64GB) & 정품충전기"
770,sk데이터 2기가 3000팝니다
771,*****************<대전> 아이폰 6 32기가 팝니다********************************
772,*****************<대전> 갤럭시 노트5 팝니다********************************
773,갤럭시폴드 실버 어드밴티지 수리후 미사용팝니다.
774,*****************<대전> 갤럭시 노트5 128기가 팝니다********************************
775,아이폰7 매트블랙 128기가 팝니다.
776,갤럭시 노트 8 블랙 64기가 A급 팝니다!
777,SKT 데이터 1기가당 1500원에 팝니다.
778,*****************<대전> 갤럭시 S7 팝니다********************************
779,SKT 데이터 1기가당 1500원에 팝니다
780,아이폰 6s+ 팝니다
781,갤럭시 노트5 32G S급 팝니다
782,SKT 삼성갤럭시 노트5 저렴하게팝니다
783,KT 삼성갤럭시 노트5 저렴하게 팝니다
784,LGU+ 삼성갤럭시 노트5 저렴하게 팝니다
785,KT 데이터 2기가 판매합니다. 기가당 2000원
786,유플러스 2기가 데이터 팝니다.
787,아이폰8 256기가 스페이스그레이 팔아요~~
788,Skt데이타 팝니다
789,Skt데이타 팝니다
790,노트9 512G(라벤더 퍼플) 단품 팝니다.
791,아이폰7+ 256G(골드) 단품 팝니다.
792,[공기계/선약25%] 갤럭시S8+ 128G(블랙) 단품 팝니다.
793,Skt 2기가 3천원
794,S20 울트라 팝니다 각 100만 블랙팝니다
795,갤럭시 wide4 7만원 팝니다
796,갤럭시 wide4 7만원 팝니다
797,부산) 아이폰XR 레드 128G 45만원에 팝니다/내용필
798,[ 판매완료 ]갤럭시 골든 skt e400s 팝니다. [ A- 13 만원 ] 서울 직거래 택배X
799,S8 액정 파손 팝니다.
800,[팝니다] 아이폰8플러스 64G 스페이스그레이 급처분
801,아이폰se2 화이트 128GB 팝니다!
802,아이폰XR 128레드/초S급/풀박스/KT/공기계 팝니다
803,아이폰8 64기가팝니다
804,서울직 ) 갤럭시s9플러스 256기가 a급 팝니다
805,데이터 팝니다
806,갤럭시 S 플러스 풀박스 18만원 팝니다
807,갤럭시 s8 정상해지 sk 팝니다
808,(인천) SKT V20 8만원에 팝니다
809,(인천) SKT 갤럭시W 5만원에 팝니다
810,아이폰8 중고팝니다!
811,구형폴더폰 몇개 팝니다
812,sk 데이터 1기가 2천원에 팝니다
813,자급제 아이폰11 128기가 화이트 팝니다
814,아이폰7 레드 128gb 전화소리 고장
815,마산 산호동 갤럭시 엣지6 b-급 팝니다
816,kt데이터팝니다
817,노트10 블랙 256 대전 팝니다 (택배가능)
818,부산LG노트3액정A급충전기배터리1개4만원에팝니다
819,노트5 팝니다.(부산)
820,아이폰 7 블랙 (제트블랙아님) 128G 팝니다 A~S 사이 등급
821,아이폰 se2 화이트 256기가 팝니다
822,(755) 삼성 갤럭시 S8 선택약정가능 중고폰 팝니다
823,(727) 아이폰11프로 64GB 배터리100% 선택약정가능 중고폰 팝니다
824,"아이폰6s 로즈골드(마국판, 128G) 팝니다.(12만)"
825,V30 공기기 5만원에 팝니다(판매완료)
826,알뜰폰(에스원) SM _ A105 블랙 정상해지폰 팝니다 .(최저가)
827,KT )SM _ A605 블랙 정상해지폰 팝니다 .(최저가)
828,KT ) LG_Q925 (레드) 정상해지폰 팝니다 .(최저가)
829,(763) 삼성 갤럭시 S9 선택약정가능 중고폰 팝니다
830,(762) 삼성 갤럭시 노트8 선택약정가능 중고폰 팝니다
831,갤럭시S6 32G 화이트 팝니다
832,"sk,데이터2기가3500원팝니다"
833,(759) 삼성 갤럭시 J6 선택약정가능 중고폰 팝니다
834,SKT 데이터 2기가 판매합니다 쌉니다 3800원
835,(757) 아이폰11프로 선택약정가능 중고폰 팝니다
836,LGU+ 유플러스 데이터 4G 1G당 1500원팝니다
837,데이터팝니다 2기가 2000원에팝니다
838,데이터팝니다 2기가 3천원
839,lgu+ 데이터 2기가4000에팝니다
840,아이폰7 red 128gb 팝니다
841,Sk 데이터 2기가 4000 팝니다
842,v40 팝니다.A급 거의 새폰입니다.
843,sk데이터2기가3500원팝니다
844,Skt 데이터 1기가
845,sk데이터2기가3500원팝니다.
846,"상태 완전 좋은 아이폰11 프로, 아이폰11 Pro 실버 256GB 풀박스 팝니다"
847,sk데이터2기가3500원팝니다
848,"sk,데이터2기가 3500원 팝니다."
849,sk데이터2기가 3500원팝니다.
850,아이폰 6s 로즈골드 16기가 팝니다
851,갤럭시 s10 lte kt 팝니다 부산
852,아이폰8 제트블랙 팝니다 64G
853,아이폰8 제트블랙 64G 팝니다
854,홍미노트 9s 그레이 색상 128기가 단순개봉 팝니다
855,[판매완료]갤럭시 A50 블랙 공기계 팝니다
856,아이폰 6s 로즈골드 64gb 팝니다
857,아이폰 XR 128GB 블랙 상태 좋습니다.
858,갤럭시s9플러스 블랙 64gb A급수준 중고폰 팝니다
859,갤럭시노트9 코퍼(브라운) 128gb 정상중고폰 공기계 팝니다
860,갤럭시 s8 버건디 레드 64g skt 13만원
861,갤럭시s10플러스 128GB센터판 S급 팝니다
862,노트8 상태좋은거싸게팝니다
863,"[판매완료] 갤럭시S8+ 미드나잇 블랙 (6 ram, 128 g) 풀박스 싸게 팝니다!"
864,아이폰8 플러스 256g 실버 a급 풀박스로 팝니다.
865,"[판매완료] 갤럭시S8+ 미드나잇 블랙 (6 ram, 128g) 풀박스 팝니다!"
866,창원 완전S급 아이폰 8 골드 64GB 팝니다.
867,아이폰11프로 스페이스그레이 판매 105만원!!!
868,아이폰11프로 스페이스그레이 판매 105만원
869,홍미노트 9s 그레이 색상 128기가 단순개봉 팝니다
870,[판매완료]갤럭시 A50 블랙 공기계 팝니다
871,아이폰 6s 로즈골드 64gb 팝니다
872,아이폰 XR 128GB 블랙 상태 좋습니다.
873,갤럭시s9플러스 블랙 64gb A급수준 중고폰 팝니다
874,갤럭시노트9 코퍼(브라운) 128gb 정상중고폰 공기계 팝니다
875,갤럭시 s8 버건디 레드 64g skt 13만원
876,갤럭시s10플러스 128GB센터판 S급 팝니다
877,노트8 상태좋은거싸게팝니다
878,"[판매완료] 갤럭시S8+ 미드나잇 블랙 (6 ram, 128 g) 풀박스 싸게 팝니다!"
879,아이폰8 플러스 256g 실버 a급 풀박스로 팝니다.
880,"[판매완료] 갤럭시S8+ 미드나잇 블랙 (6 ram, 128g) 풀박스 팝니다!"
881,창원 완전S급 아이폰 8 골드 64GB 팝니다.
882,아이폰11프로 스페이스그레이 판매 105만원!!!
883,아이폰11프로 스페이스그레이 판매 105만원
884,sk데이터 팝니다
885,갤럭시진2 새제품 공기계 팝니다
886,수원역 갤럭시S9플러스 LG 64기가 블루 팝니다~
887,"청주) 갤럭시 S10 5G 재고정리!! SSS급 42만원, AAA급40만원, B급 36만원 팝니다!!"
888,아이폰11프로 256gb 그린 A급 정상해지폰 공기계 팝니다
889,갤럭시s10 블랙 128gb 팝니다
890,"청주) LG V50 블랙, 128기가 / 정상해지, AAA급 / 듀얼포함 / 32만원 팝니다!!"
891,skt 데이터1기가 1500원 팝니다
892,갤럭시 j7 팝니다
893,lg u+데이터 2기가 판매합니다
894,갤럭시노트5 블루 32GB 액정새것 상태좋은거 팝니다
895,부산 z플립 톰브라운 에디션 330 에 팝니다
896,skt 데이터 2g 팝니다
897,아이폰6 16기가 실버팝니다
898,skt 데이터 2기가 3500원 팝니다
899,아이폰 se 64기가 레드 공기계 팝니다
900,[A+삼성 갤럭시 A90] 화이트색상 128G팝니다-29-
901,[가개통 미개봉 새제품]Q51 티탄색 -13만-팝니다
902,아이폰x 256g 스그 팝니다
903,SKT 데이터 2기가 3천원 팝니다.
904,"v40 카민레드팝니다 (액정,뒷판파손)"
905,갤럭시 진2 특SS급 팝니다
906,"skt 데이터 2기가 2500 팝니다2,500원"
907,아이폰11Pro실버 팝니다
908,SKT데이타.700MB 팝니다
909,skt 데이터 2기가 3500원 팝니다
910,SKT데이타2기가 팝니다
911,sk lte데이터 2g팔아요
912,"아이폰 se2 64G 화이트 미개봉 팝니다. 자급제 휴대폰, 알뜰 통신사 가능"
913,아이폰se2020 레드 64기가 팝니다 사용x 정상해지
914,skt데이터 팝니다 2기가 3천
915,kt 데이터
916,skt 데이터 팝니다 2500원
917,skt 데이터 2기가 3천원 팝니다.
918,SKT 데이타 2기가 팝니다
919,Skt 데이터 최저가 판매
920,sk데이터2기가 3500원 팝니다
921,SKT 데이터 2기가 팝니다. 3000원 *** **** ****
922,노트4 부품용폰 팝니다
923,소니여친렌즈 e35mm f1.8 oss 팝니다
924,skt 데이터 싸게팝니다
925,s20울트라 팝니다
926,A급 아이폰 xs 256GB 스페이스 블랙 풀박팝니다.
927,가격인하)아이폰8 레드 64g/ 아이폰6s골드 16g 팝니다
928,아이폰 xs 스그 256 팝니다
929,아이폰 xs 스페이스 그레이 256 팝니다
930,아이폰11 pro max 512 그레이 팝니다
931,아이폰se 로즈골드64G단품 팝니다
932,kt 데이터
933,아이폰 pro11 64g 스페이스 그레이 오늘 구매한 새상품 팝니다
934,아이폰x 정상해지 공기계 256g 팝니다
935,데이터2기가 3천원 팝니다
936,아이폰11 프로맥스(promax) 256g 그린 애플케어플러스 가입 자급제 팝니다
937,SKT데이타 2기가 팝니다
938,갤럭시 20 플러스 그레이 박스폰 팝니다!!
939,갤럭시 A8(A530)팝니다
940,노트4 (검정) 4만원 팝니다.
941,A급 아이폰 xs 256GB 스페이스 블랙 풀박팝니다.
942,가격인하)아이폰8 레드 64g/ 아이폰6s골드 16g 팝니다
943,아이폰 xs 스그 256 팝니다
944,아이폰 xs 스페이스 그레이 256 팝니다
945,아이폰11 pro max 512 그레이 팝니다
946,아이폰se 로즈골드64G단품 팝니다
947,kt 데이터
948,아이폰 pro11 64g 스페이스 그레이 오늘 구매한 새상품 팝니다
949,아이폰x 정상해지 공기계 256g 팝니다
950,데이터2기가 3천원 팝니다
951,아이폰11 프로맥스(promax) 256g 그린 애플케어플러스 가입 자급제 팝니다
952,SKT데이타 2기가 팝니다
953,갤럭시 20 플러스 그레이 박스폰 팝니다!!
954,갤럭시 A8(A530)팝니다
955,노트4 (검정) 4만원 팝니다.
956,SKT X220N 32G 블랙 초a급 팝니다
957,아이폰7 128기가 로즈골드
958,노트10 a10 목각
959,LG G7 ThinQ 64기가 10만 팝니다
960,갤럭시노트9 128G
961,[판매중]SK데이터 2기가 팝니다!
962,skt데이타팝니다
963,아이폰11 128G 블랙팝니다.
964,엘지 유플러스 데이터 일괄 2기가 팜
965,skt 데이터 팝니다 2500원
966,아이폰se2 화이트색상 팝니다.
967,skt 데이터 팝니다
968,1500
969,갤럭시 a7팝니다
970,blackberry key2 블랙베리 key2 128GB
971,skt 데이터 2기가팝니다
972,SKT 데이터 2기가 팝니다~!! 4천원
973,싸게해요 엘지 지패드2 10.1 32기가
974,싸게팝니다 엘지 지패드2 10.1 32기가
975,많이싸게드려요 엘지지패드 10.1 32기가
976,정말싸게드려요 엘지지패드2 10.1인치 32기가
977,싸게팝니다 엘지지패드2 10.1 32기가
978,정말싸게드려요 엘지지패드2 10.1 32기가
979,한달 깨끗하게쓴 갤럭시 a10e팝니다
980,sk데이터2기가3500원팝니다
981,sk 데이터 선물식 팝니다
982,아이폰 X 64기가 블랙 상태 A급 43만원
983,sk데이터 2기가3500원팝니다
984,아이폰 11 프로 64기가 녹색
985,아이폰 6s 64기가 팝니다
986,sk데이터2기가3500원팝니다
987,"[대구]갤럭시 코어어드밴스(3G용, 풀박스) 판매"
988,갤럭시노트 9 128g 블랙 자급제 공기계 팝니다. A급
989,아이폰7플러스 32G 매트블랙 새상품급 배터리만땅 팝니다!
990,갤럭시노트 9 128g 블랙 자급제 공기계 팝니다. a급
991,sk g8 27만원
992,LG 유플러스 데이터 2기가 3500원 팝니다.
993,애플워치3 나이키 42mm 팝니다 gps
994,노트8 256GB 팝니다
995,sk데이터2기가3500원팝니다
996,sk 데이터 선물식 팝니다
997,아이폰 X 64기가 블랙 상태 A급 43만원
998,sk데이터 2기가3500원팝니다
999,아이폰 11 프로 64기가 녹색
1000,아이폰 6s 64기가 팝니다
1001,sk데이터2기가3500원팝니다
1002,"[대구]갤럭시 코어어드밴스(3G용, 풀박스) 판매"
1003,갤럭시노트 9 128g 블랙 자급제 공기계 팝니다. A급
1004,아이폰7플러스 32G 매트블랙 새상품급 배터리만땅 팝니다!
1005,갤럭시노트 9 128g 블랙 자급제 공기계 팝니다. a급
1006,sk g8 27만원
1007,LG 유플러스 데이터 2기가 3500원 팝니다.
1008,애플워치3 나이키 42mm 팝니다 gps
1009,노트8 256GB 팝니다
1010,갤럭시 노트9 128 블랙 2대 팝니다
1011,아이폰 xs max 스그 64g (중국판 듀얼심 무음카메라) 자급제폰 팝니다.
1012,아이폰xs 64 골드 팝니다
1013,갤럭시노트9 실버128GB 팝니다(성주직거래/택배가능)28만
1014,"[판매] SKT 데이터 1기가 단위로 팝니다(1기가당 : 2,000원) - 판매자 등급 : 중나vip"
1015,부산 아이폰XS 256기가 팝니다
1016,갤럭시S10 프리즘그린128GB팝니다(성주직거래/택배가능)32만원
1017,V30 실버 팝니다
1018,LG 폴더폰 팝니다
1019,화웨이 비와이2 공기계
1020,대전) 아이폰8 로즈골드 64g 팝니다. /iphone8
1021,갤럭시 노트8 256기가 블루색상 판매합니다
1022,정상해지 갤럭시A8(2018) A530S 팝니다.
1023,SK 데이터 팝니다 (1G 2500원)
1024,아이폰8 A급 화이트골드 64급처 합니다
1025,버즈라이브 미개봉신품 팝니다 브론즈 화이트
1026,LG U+ 데이터2기가팝니다 3천원
1027,노트20 울트라 미스틱브론즈 가개통폰 팝니다.(단순개봉)
1028,갤럭시 S20 울트라 풀박스 팔아요!
1029,kt 갤럭시s8 팔아요
1030,((수원)) 노트 20 브론즈 미개봉 팝니다~
1031,아이폰7 128g 실버 미개봉 가개통폰 팝니다
1032,SKT SK 데이터 2기가
1033,갤럭시 노트5(NOTE5) 저렴 하게 팝니다.
1034,아이폰7 매트블랙 128기가 팝니다
1035,갤럭시 z 플립
1036,카카오리틀프렌즈폰3 12만원에 팝니다.
1037,갤럭시 노트9 128G 블랙 무잔상 팝니다
1038,애플워치5 미개봉 새제품 팝니다 울산 직거래
1039,유플러스 데이터 2g팝니다.(lg)
1040,아이폰 판매합니다. iPhone XS Max Gold 512GB (리퍼폰 제조일자 20년 6월)
1041,갤럭시s20 울트라 자급제 가개통급 팝니다
1042,갤럭시s20 울트라 자급제 가개통급 팝니다
1043,데이터 팝니다
1044,SKT 노트9 128G (워런티 살아있음) 팝니다.
1045,sk 데이타 2기가 팝니다
1046,아이폰XS MAX 64G 팝니다
1047,"(개인)아이폰se2 128기가 레드, 풀박스+젠더,케이스 포함해서 53만에 팝니다."
1048,노트 9 자급제 512기가 퍼플색상 팝니다
1049,삼성 Samsung 갤럭시 Galaxy A50 SM-A505
1050,z플립 최상급 팝니다
1051,노트10 플러스 256기가 팝니다.
1052,갤럭시노트9 512GB 오션블루색상 중고폰 팝니다
1053,엘지LG데이터2기가3000팝니다
1054,sk데이터2기가3500원팝니다
1055,sk 데이터 선물식 팝니다
1056,아이폰 X 64기가 블랙 상태 A급 43만원
1057,sk데이터 2기가3500원팝니다
1058,아이폰 11 프로 64기가 녹색
1059,아이폰 6s 64기가 팝니다
1060,sk데이터2기가3500원팝니다
1061,"[대구]갤럭시 코어어드밴스(3G용, 풀박스) 판매"
1062,갤럭시노트 9 128g 블랙 자급제 공기계 팝니다. A급
1063,아이폰7플러스 32G 매트블랙 새상품급 배터리만땅 팝니다!
1064,갤럭시노트 9 128g 블랙 자급제 공기계 팝니다. a급
1065,sk g8 27만원
1066,LG 유플러스 데이터 2기가 3500원 팝니다.
1067,애플워치3 나이키 42mm 팝니다 gps
1068,노트8 256GB 팝니다
1069,sk데이터2기가3500원팝니다
1070,sk 데이터 선물식 팝니다
1071,아이폰 X 64기가 블랙 상태 A급 43만원
1072,sk데이터 2기가3500원팝니다
1073,아이폰 11 프로 64기가 녹색
1074,아이폰 6s 64기가 팝니다
1075,sk데이터2기가3500원팝니다
1076,"[대구]갤럭시 코어어드밴스(3G용, 풀박스) 판매"
1077,갤럭시노트 9 128g 블랙 자급제 공기계 팝니다. A급
1078,아이폰7플러스 32G 매트블랙 새상품급 배터리만땅 팝니다!
1079,갤럭시노트 9 128g 블랙 자급제 공기계 팝니다. a급
1080,sk g8 27만원
1081,LG 유플러스 데이터 2기가 3500원 팝니다.
1082,애플워치3 나이키 42mm 팝니다 gps
1083,노트8 256GB 팝니다
1084,갤럭시 노트9 128 블랙 2대 팝니다
1085,아이폰 xs max 스그 64g (중국판 듀얼심 무음카메라) 자급제폰 팝니다.
1086,아이폰xs 64 골드 팝니다
1087,갤럭시노트9 실버128GB 팝니다(성주직거래/택배가능)28만
1088,"[판매] SKT 데이터 1기가 단위로 팝니다(1기가당 : 2,000원) - 판매자 등급 : 중나vip"
1089,부산 아이폰XS 256기가 팝니다
1090,갤럭시S10 프리즘그린128GB팝니다(성주직거래/택배가능)32만원
1091,V30 실버 팝니다
1092,LG 폴더폰 팝니다
1093,화웨이 비와이2 공기계
1094,대전) 아이폰8 로즈골드 64g 팝니다. /iphone8
1095,갤럭시 노트8 256기가 블루색상 판매합니다
1096,정상해지 갤럭시A8(2018) A530S 팝니다.
1097,SK 데이터 팝니다 (1G 2500원)
1098,아이폰8 A급 화이트골드 64급처 합니다
1099,버즈라이브 미개봉신품 팝니다 브론즈 화이트
1100,LG U+ 데이터2기가팝니다 3천원
1101,노트20 울트라 미스틱브론즈 가개통폰 팝니다.(단순개봉)
1102,갤럭시 S20 울트라 풀박스 팔아요!
1103,kt 갤럭시s8 팔아요
1104,((수원)) 노트 20 브론즈 미개봉 팝니다~
1105,아이폰7 128g 실버 미개봉 가개통폰 팝니다
1106,SKT SK 데이터 2기가
1107,갤럭시 노트5(NOTE5) 저렴 하게 팝니다.
1108,아이폰7 매트블랙 128기가 팝니다
1109,갤럭시 z 플립
1110,카카오리틀프렌즈폰3 12만원에 팝니다.
1111,갤럭시 노트9 128G 블랙 무잔상 팝니다
1112,애플워치5 미개봉 새제품 팝니다 울산 직거래
1113,유플러스 데이터 2g팝니다.(lg)
1114,아이폰 판매합니다. iPhone XS Max Gold 512GB (리퍼폰 제조일자 20년 6월)
1115,갤럭시s20 울트라 자급제 가개통급 팝니다
1116,갤럭시s20 울트라 자급제 가개통급 팝니다
1117,데이터 팝니다
1118,SKT 노트9 128G (워런티 살아있음) 팝니다.
1119,sk 데이타 2기가 팝니다
1120,아이폰XS MAX 64G 팝니다
1121,"(개인)아이폰se2 128기가 레드, 풀박스+젠더,케이스 포함해서 53만에 팝니다."
1122,노트 9 자급제 512기가 퍼플색상 팝니다
1123,삼성 Samsung 갤럭시 Galaxy A50 SM-A505
1124,z플립 최상급 팝니다
1125,노트10 플러스 256기가 팝니다.
1126,갤럭시노트9 512GB 오션블루색상 중고폰 팝니다
1127,엘지LG데이터2기가3000팝니다
1128,sk데이터2기가3500원팝니다
1129,sk 데이터 선물식 팝니다
1130,아이폰 X 64기가 블랙 상태 A급 43만원
1131,sk데이터 2기가3500원팝니다
1132,아이폰 11 프로 64기가 녹색
1133,아이폰 6s 64기가 팝니다
1134,sk데이터2기가3500원팝니다
1135,"[대구]갤럭시 코어어드밴스(3G용, 풀박스) 판매"
1136,갤럭시노트 9 128g 블랙 자급제 공기계 팝니다. A급
1137,아이폰7플러스 32G 매트블랙 새상품급 배터리만땅 팝니다!
1138,갤럭시노트 9 128g 블랙 자급제 공기계 팝니다. a급
1139,sk g8 27만원
1140,LG 유플러스 데이터 2기가 3500원 팝니다.
1141,애플워치3 나이키 42mm 팝니다 gps
1142,노트8 256GB 팝니다
1143,sk데이터2기가3500원팝니다
1144,sk 데이터 선물식 팝니다
1145,아이폰 X 64기가 블랙 상태 A급 43만원
1146,sk데이터 2기가3500원팝니다
1147,아이폰 11 프로 64기가 녹색
1148,아이폰 6s 64기가 팝니다
1149,sk데이터2기가3500원팝니다
1150,"[대구]갤럭시 코어어드밴스(3G용, 풀박스) 판매"
1151,갤럭시노트 9 128g 블랙 자급제 공기계 팝니다. A급
1152,아이폰7플러스 32G 매트블랙 새상품급 배터리만땅 팝니다!
1153,갤럭시노트 9 128g 블랙 자급제 공기계 팝니다. a급
1154,sk g8 27만원
1155,LG 유플러스 데이터 2기가 3500원 팝니다.
1156,애플워치3 나이키 42mm 팝니다 gps
1157,노트8 256GB 팝니다
1158,갤럭시 노트9 128 블랙 2대 팝니다
1159,아이폰 xs max 스그 64g (중국판 듀얼심 무음카메라) 자급제폰 팝니다.
1160,아이폰xs 64 골드 팝니다
1161,갤럭시노트9 실버128GB 팝니다(성주직거래/택배가능)28만
1162,"[판매] SKT 데이터 1기가 단위로 팝니다(1기가당 : 2,000원) - 판매자 등급 : 중나vip"
1163,부산 아이폰XS 256기가 팝니다
1164,갤럭시S10 프리즘그린128GB팝니다(성주직거래/택배가능)32만원
1165,V30 실버 팝니다
1166,LG 폴더폰 팝니다
1167,화웨이 비와이2 공기계
1168,대전) 아이폰8 로즈골드 64g 팝니다. /iphone8
1169,갤럭시 노트8 256기가 블루색상 판매합니다
1170,정상해지 갤럭시A8(2018) A530S 팝니다.
1171,SK 데이터 팝니다 (1G 2500원)
1172,아이폰8 A급 화이트골드 64급처 합니다
1173,버즈라이브 미개봉신품 팝니다 브론즈 화이트
1174,LG U+ 데이터2기가팝니다 3천원
1175,노트20 울트라 미스틱브론즈 가개통폰 팝니다.(단순개봉)
1176,갤럭시 S20 울트라 풀박스 팔아요!
1177,kt 갤럭시s8 팔아요
1178,((수원)) 노트 20 브론즈 미개봉 팝니다~
1179,아이폰7 128g 실버 미개봉 가개통폰 팝니다
1180,SKT SK 데이터 2기가
1181,갤럭시 노트5(NOTE5) 저렴 하게 팝니다.
1182,아이폰7 매트블랙 128기가 팝니다
1183,갤럭시 z 플립
1184,카카오리틀프렌즈폰3 12만원에 팝니다.
1185,갤럭시 노트9 128G 블랙 무잔상 팝니다
1186,애플워치5 미개봉 새제품 팝니다 울산 직거래
1187,유플러스 데이터 2g팝니다.(lg)
1188,아이폰 판매합니다. iPhone XS Max Gold 512GB (리퍼폰 제조일자 20년 6월)
1189,갤럭시s20 울트라 자급제 가개통급 팝니다
1190,갤럭시s20 울트라 자급제 가개통급 팝니다
1191,데이터 팝니다
1192,SKT 노트9 128G (워런티 살아있음) 팝니다.
1193,sk 데이타 2기가 팝니다
1194,아이폰XS MAX 64G 팝니다
1195,"(개인)아이폰se2 128기가 레드, 풀박스+젠더,케이스 포함해서 53만에 팝니다."
1196,노트 9 자급제 512기가 퍼플색상 팝니다
1197,삼성 Samsung 갤럭시 Galaxy A50 SM-A505
1198,z플립 최상급 팝니다
1199,노트10 플러스 256기가 팝니다.
1200,갤럭시노트9 512GB 오션블루색상 중고폰 팝니다
1201,엘지LG데이터2기가3000팝니다
1202,sk데이터2기가3500원팝니다
1203,sk 데이터 선물식 팝니다
1204,아이폰 X 64기가 블랙 상태 A급 43만원
1205,sk데이터 2기가3500원팝니다
1206,아이폰 11 프로 64기가 녹색
1207,아이폰 6s 64기가 팝니다
1208,sk데이터2기가3500원팝니다
1209,"[대구]갤럭시 코어어드밴스(3G용, 풀박스) 판매"
1210,갤럭시노트 9 128g 블랙 자급제 공기계 팝니다. A급
1211,아이폰7플러스 32G 매트블랙 새상품급 배터리만땅 팝니다!
1212,갤럭시노트 9 128g 블랙 자급제 공기계 팝니다. a급
1213,sk g8 27만원
1214,LG 유플러스 데이터 2기가 3500원 팝니다.
1215,애플워치3 나이키 42mm 팝니다 gps
1216,노트8 256GB 팝니다
1217,sk데이터2기가3500원팝니다
1218,sk 데이터 선물식 팝니다
1219,아이폰 X 64기가 블랙 상태 A급 43만원
1220,sk데이터 2기가3500원팝니다
1221,아이폰 11 프로 64기가 녹색
1222,아이폰 6s 64기가 팝니다
1223,sk데이터2기가3500원팝니다
1224,"[대구]갤럭시 코어어드밴스(3G용, 풀박스) 판매"
1225,갤럭시노트 9 128g 블랙 자급제 공기계 팝니다. A급
1226,아이폰7플러스 32G 매트블랙 새상품급 배터리만땅 팝니다!
1227,갤럭시노트 9 128g 블랙 자급제 공기계 팝니다. a급
1228,sk g8 27만원
1229,LG 유플러스 데이터 2기가 3500원 팝니다.
1230,애플워치3 나이키 42mm 팝니다 gps
1231,노트8 256GB 팝니다
1232,갤럭시 노트9 128 블랙 2대 팝니다
1233,아이폰 xs max 스그 64g (중국판 듀얼심 무음카메라) 자급제폰 팝니다.
1234,아이폰xs 64 골드 팝니다
1235,갤럭시노트9 실버128GB 팝니다(성주직거래/택배가능)28만
1236,"[판매] SKT 데이터 1기가 단위로 팝니다(1기가당 : 2,000원) - 판매자 등급 : 중나vip"
1237,부산 아이폰XS 256기가 팝니다
1238,갤럭시S10 프리즘그린128GB팝니다(성주직거래/택배가능)32만원
1239,V30 실버 팝니다
1240,LG 폴더폰 팝니다
1241,화웨이 비와이2 공기계
1242,대전) 아이폰8 로즈골드 64g 팝니다. /iphone8
1243,갤럭시 노트8 256기가 블루색상 판매합니다
1244,정상해지 갤럭시A8(2018) A530S 팝니다.
1245,SK 데이터 팝니다 (1G 2500원)
1246,아이폰8 A급 화이트골드 64급처 합니다
1247,버즈라이브 미개봉신품 팝니다 브론즈 화이트
1248,LG U+ 데이터2기가팝니다 3천원
1249,노트20 울트라 미스틱브론즈 가개통폰 팝니다.(단순개봉)
1250,갤럭시 S20 울트라 풀박스 팔아요!
1251,kt 갤럭시s8 팔아요
1252,((수원)) 노트 20 브론즈 미개봉 팝니다~
1253,아이폰7 128g 실버 미개봉 가개통폰 팝니다
1254,SKT SK 데이터 2기가
1255,갤럭시 노트5(NOTE5) 저렴 하게 팝니다.
1256,아이폰7 매트블랙 128기가 팝니다
1257,갤럭시 z 플립
1258,카카오리틀프렌즈폰3 12만원에 팝니다.
1259,갤럭시 노트9 128G 블랙 무잔상 팝니다
1260,애플워치5 미개봉 새제품 팝니다 울산 직거래
1261,유플러스 데이터 2g팝니다.(lg)
1262,아이폰 판매합니다. iPhone XS Max Gold 512GB (리퍼폰 제조일자 20년 6월)
1263,갤럭시s20 울트라 자급제 가개통급 팝니다
1264,갤럭시s20 울트라 자급제 가개통급 팝니다
1265,데이터 팝니다
1266,SKT 노트9 128G (워런티 살아있음) 팝니다.
1267,sk 데이타 2기가 팝니다
1268,아이폰XS MAX 64G 팝니다
1269,"(개인)아이폰se2 128기가 레드, 풀박스+젠더,케이스 포함해서 53만에 팝니다."
1270,노트 9 자급제 512기가 퍼플색상 팝니다
1271,삼성 Samsung 갤럭시 Galaxy A50 SM-A505
1272,z플립 최상급 팝니다
1273,노트10 플러스 256기가 팝니다.
1274,갤럭시노트9 512GB 오션블루색상 중고폰 팝니다
1275,엘지LG데이터2기가3000팝니다
