,2021년
0,갤탭s7 256g lte 미개봉품 팝니다.
1,아이패드 6세대 +애플펜슬 1세대 팝니다.
2,아이패드프로 3세대 12.9 와이파이 64기가 + 애플케어플러스 (21.07.29) + 키보드폴리오케이스
3,아이패드 에어4 미개봉 64GB 스페이스그레이
4,갤럭시탭 s7플러스 정품 키보드 커버 팝니다.
5,아이패드프로4 2세대 11인치 128g wifi 애플펜슬2 풀박스로 일괄 팝니다
6,아이패드 에어 64gb wifi 스페이스 그레이 미개봉 신림 직거래 택배가능
7,아이패드2 팝니다
8,아이패드에어4 스페이스 그레이64g
9,아이패드프로 12.9인치 256g 그레이 s급 팝니다.
10,아이패드 6세대(128g) wifi + 셀룰러 모델 / 애플펜슬 팝니다
11,휴이온 kamvas 22 plus 팝니다.
12,아이패드 프로 4세대 12.9 128G Wifi (애플펜슬포함) 팝니다
13,"아이패드 프로4 11인치 128기가 wifi, 애플펜슬2세대 풀박스"
14,"아이패드 에어3 wife 64gb 핑크 s급, 에어팬슬 1세대 팝니다"
15,갤탭s7 256g lte 미개봉품 팝니다.
16,아이패드 6세대 +애플펜슬 1세대 팝니다.
17,아이패드프로 3세대 12.9 와이파이 64기가 + 애플케어플러스 (21.07.29) + 키보드폴리오케이스
18,아이패드 에어4 미개봉 64GB 스페이스그레이
19,갤럭시탭 s7플러스 정품 키보드 커버 팝니다.
20,아이패드프로4 2세대 11인치 128g wifi 애플펜슬2 풀박스로 일괄 팝니다
21,아이패드 에어 64gb wifi 스페이스 그레이 미개봉 신림 직거래 택배가능
22,아이패드2 팝니다
23,아이패드에어4 스페이스 그레이64g
24,아이패드프로 12.9인치 256g 그레이 s급 팝니다.
25,아이패드 6세대(128g) wifi + 셀룰러 모델 / 애플펜슬 팝니다
26,휴이온 kamvas 22 plus 팝니다.
27,아이패드 프로 4세대 12.9 128G Wifi (애플펜슬포함) 팝니다
28,"아이패드 프로4 11인치 128기가 wifi, 애플펜슬2세대 풀박스"
29,"아이패드 에어3 wife 64gb 핑크 s급, 에어팬슬 1세대 팝니다"
30,gpad5
31,리디북스 페이퍼프로 + 리디셀렉트 이용권 + 파우치
32,갤럭시탭s6 LITE 미개봉 강화액정필름 팝니다.
33,갤탭 7 lte 256g 미개봉품 팝니다
34,아이패드 미니2 팝니다
35,갤럭시탭 S5E S급 64G WIFI 실버 + 삼성 정품 키보드 팝니다.
36,아이패드 5세대 32gb wifi 팝니다
37,와콤 인튜어스 프로 PTH-660 팝니다
38,아이패드 6세대 셀룰러 128gb + 애플펜슬 1세대 + 벨킨 키보드 케이스 팝니다.
39,레노버 요가 스마트탭 (YT-X705F) 32g 팝니다
40,"(새상품)삼성 갤럭시탭 A6 10.1 팝니다태블릿pc 미개봉, 32G케이스도 드려요1개"
41,아이패드 미니5 셀룰러 64G 스그 + 애플펜슬
42,[판매] 아이패드 미니5 미개봉 64GB 스그 WiFi
43,리디북스 페이퍼프로 + 리디셀렉트 이용권 + 파우치
44,아이패드7 32g 스그
45,아이패드용 애플케어 팝니다.
46,아이패드7세대 128GB 스그 미개봉 팝니다
47,(판매완료) LG 지패드4 (8.0) 32gb LTE 모델 팝니다. (8만원)
48,아이패드 에어4 스그 64g 미개봉팝니다(부산)
49,아이패드 프로 3세대 256GB 셀룰러+ 애플펜슬 2세대 + 스마트 폴리오 + 추가 케이스 팝니다. 애플케어 플러스
50,아이패드 프로 2세대 10.5인치 셀룰러 256gb 로즈골드 팝니다
51,아이패드 와이파이 256기가 11형 팝니다
52,아이패드 프로 4세대 (11인치 2세대) + 펜슬 2세대 미개봉 새제품 팝니다.
53,아이패드 프로 2세대 11인치 스페이스그레이 미개봉 팝니다.
54,갤럭시탭s6 wifi 128GB 팝니다(Lite아님)
55,아이패드 에어1 32g(셀룰러) + 갤럭시탭(KT홈 패드) 팝니다
56,sm t835k 팝니다
57,아이패드 7세대 128g wifi 배터리95%
58,아이패드 8세대 128기가 셀룰러
59,아이패드 프로 2세대 12.9인치 셀룰러 256GB 판매합니다
60,대구 아이패드 에어3 실버 64G + 펜슬 팝니다
61,가격낮춤)아이패드 프로3 11인치 64기가 와이파이 실버 풀박스 팝니다
62,서피스 rt (김포 7만) 팝니다
63,판매완료]아이패드 에어4세대 미개봉 그레이 팝니다.
64,"아이패드 프로2 10.5 스그256,wifi"
65,오닉스 포크2 팝니다.
66,"아이패드2 부품용 16기가, 32기가, 64기가 5,6,7만원에 팝니다"
67,아이패드 프로 3세대 256기가 wifi 팝니다.
68,아이패드 에어3+애플펜슬
69,(미개봉) 갤럭시 S6 라이트 그레이 64gb 팝니다 (자급제)
70,갤럭시 탭A 10.1(SM-T515N) 미개봉 팝니다
71,"아이패드 에어3 256기가 LTE 스페이스 그레이, (애플펜슬1세대포함) 팝니다"
72,아이패드미니5 64G 셀룰러
73,"아이패드 프로3세대, 256gb, wifi+lte 팝니다"
74,갤럭시탭s6 Lte 256GB 클라우드 블루 단말자급제용 팝니다.
75,"아이패드프로 2세대 12.9인차 256기가 셀룰러모델(+케이스, 스마트키보드, 애플펜슬)"
76,T505 13대팝니다
77,아이패드7 스그 32g
78,아이패드 프로4세대 11인치 128gb 스그 wifi + 에플팬슬2세대 팝니다.
79,아이패드6세대
80,좀비베리어 종이질감필름 팝니다(아이패드9.7 6세대용)
81,갤럭시탭S5e 64G wifi 팝니다
82,아이패드 프로 3세대 12.9 512GB 셀룰러(상태S급) 팝니다
83,갤럭시탭s4 lte 64g 팝니다
84,아이패드 에어 3세대 팝니다.
85,전남 순천 아이패드 에어 3세대 WIFI 64G 팝니다
86,아이패드 7세대 32기가 셀룰러 스페이스그레이
87,아이패드 프로 4세대 11인치 와이파이 버전 팝니다.
88,아이패드 프로3 실버 11인치 64기가 와이파이 풀박스 팝니다.
89,아이폰8레드 64기가 & 에어팟 2유선
90,[판매완료]아이패드 미니5 실버 64g 셀룰러
91,S급 아이패드 에어3 64G 셀룰러 풀구성
92,"갤럭시뷰 부품 팝니다 앞면유리프레임, 메인보드, 뒷판"
93,아이패드 프로4세대 11인치 128gb 스그 wifi + 에플팬슬2세대 팝니다.
94,아이패드2
95,아이패드프로 3세대 12.9인치 셀룰러 1TB (스페이스그레이) 팝니다.
96,아이패드 에어 3 wife 256g +애플펜슬 1세대 팝니다 스페이스그레이
97,"신티크 27 저반사 액정필름, 보호필름"
98,아이패드미니 5세대 스그 256기가 셀룰러 팝니다.
99,탭A 8.0 팝니다 sm-t290 wifi(미개봉)
100,아이패드 프로 3세대 12.9인치 셀룰러 256기가 팝니다
101,넷북팝니다
102,"아이패드 프로3세대 및 애플펜슬, 애플케어플러스"
103,프로 11인치 1세대 256 셀룰러 팝니다
104,비와이패드 팝니다
105,겔럭시탭+7 Sm-T970NZKEKOO 미개봉 팝니다ㅇ부산
106,아이패드 6세대 WIFI 128G 풀셋 팝니다.
107,갤럭시 탭 A (203.1 mm) SM-T290NZKAKOO 미개봉 신품 팝니다.
108,갤럭시탭 s5e 64GB Wifi 상태 S급 팝니다 == [직거래는] 김해/부산/울산 가능 !!
109,레노버 게이밍노트북 완전 새거 팝니다+8기가삼성램까지 판매합니다
110,안드로이드 태블릿 교원 마이패드(ITP-S110WD) 팝니다
111,아이패드2 팝니다
112,아이패드 에어4
113,탭A 8.0 팝니다 sm-t290 wifi(미개봉)
114,비와이 패드 팝니다
115,삼성 갤럭시탭 10.1 (M380S/ 16GB) / 6만원
116,프로4세대12.9매직키보드미개봉팝니다
117,갤럭시탭 s6라이트 (SM-P615) 64G 앙고라 블루 S급 40에 팝니다
118,겔럭시탭+7 Sm-T970NZKEKOO 미개봉 팝니다부산
119,아이패드 프로4 12.9 128G 셀룰러
120,갤럭시탭s7+ Lte(미개봉) 자급제 브론즈 택포 100 팝니다
121,아이패드 미니5 64gb 실버
122,아이패드 프로 12.9인치 256g 셀룰러a1652 팝니다.
123,[풀박] 아이패드 미니5 64GB wifi 그레이 작년 10월에 산 것 팝니다.
124,"아이패드 에어 3, 애플펜슬, 파우치 팝니다"
125,"아이패드 프로2 10.5인치 스그wifi,256gb"
126,갤럭시탭s6 lite 128g lte 블루색상 풀박스로 팝니다.
127,(인천) 갤럭시탭(갤탭) S6 128G WIFI 판매합니다
128,"아이패드 6세대 Wifi 128GB(+애플펜슬 1세대, 로지텍 slim folio 키보드)"
129,아이패드 프로 2세대 10.5 와이파이 깨끗한 기기 팝니다
130,아이패드 프로 2세대 10.5 64GB
131,갤럭시 탭 s6 LTE 256G 팝니다
132,갤럭시탭s6 128G
133,아이패드 에어4 256GB WIFI 로즈골드 미개봉
134,와콤 인튜어스2(XD-0912-U)
135,아이패드7세대 32기가 + 애플펜슬
136,소원영어 소원탭 팝니다
137,탭a 8.0 with s pen
138,갤럭시탭 s5e 64기가 팝니다
139,"아이패드프로3세대(ipadpro 11형) 256GB, 애플펜2세대 팝니다(LTE+wi-fi)"
140,레노버 p10 와이파이 버전 팝니다
141,삼성 갤럭시탭 8인치 ce1068
142,갤럭시 탭S6 256G LTE 모델 팝니다.
143,아이패드 에어3 256GB wifi+셀룰러 실버
144,아이패드프로 3세대 11인치 256 셀룰러 스그 팝니다.
145,아이패드 6세대 골드 32GB + 애플펜슬 1세대 풀박 팝니다
146,서피스고1 128G 램8G 정품키보드케이스 포함
147,아이패드 프로4세대 11인치 256기가 팝니다(에눌가능)
148,아이패드 프로4세대 11형 256기가 스그색상 팝니다(에눌가능)
149,아이패드 6세대 실버 128기가
150,프리즈비 50만원 상품권 45만에 팝니다. (아이패드 미니 5 64G 시세 49만)
151,아이패드 7세대 128기가
152,[전주] 아이패드 프로 4세대 wifi 128기가 팝니다
153,와콤 모바일스튜디오 프로 16 / 1세대 최고사양 / DTH-W1620 싸게 팝니다.
154,아이패드 프로 2세대 12.9 256GB 스그 + 애플펜슬 팝니다!
155,아이패드프로3세대12.9
156,아이패드프로3세대12.9
157,아이패드프로3세대12.9
158,아이패드프로3세대12.9
159,(판매완료)미개봉 아이패드 에어4 64g WIFI 스그
160,아이패드 6세대 32G 실버 wifi + 애플펜슬 1세대 팝니다
161,아이패드 프로 4세대 11인치 128g wifi 실버 미개봉 팝니다
162,아이뮤즈a8 태블릿 팝니다
163,마이크로소프트 서피스고 lte 128기가 팝니다
164,미개봉 아이패드프로 4세대 12.9인치 512 셀룰러+와이파이 스페이스 그레이 팝니다
165,프리즈비 50만원 상품권 45만에 팝니다. (아이패드 미니 5 64G 시세 49만)
166,아이패드 7세대 128기가
167,[전주] 아이패드 프로 4세대 wifi 128기가 팝니다
168,와콤 모바일스튜디오 프로 16 / 1세대 최고사양 / DTH-W1620 싸게 팝니다.
169,아이패드 프로 2세대 12.9 256GB 스그 + 애플펜슬 팝니다!
170,아이패드프로3세대12.9
171,아이패드프로3세대12.9
172,아이패드프로3세대12.9
173,아이패드프로3세대12.9
174,(판매완료)미개봉 아이패드 에어4 64g WIFI 스그
175,아이패드 6세대 32G 실버 wifi + 애플펜슬 1세대 팝니다
176,아이패드 프로 4세대 11인치 128g wifi 실버 미개봉 팝니다
177,아이뮤즈a8 태블릿 팝니다
178,마이크로소프트 서피스고 lte 128기가 팝니다
179,미개봉 아이패드프로 4세대 12.9인치 512 셀룰러+와이파이 스페이스 그레이 팝니다
180,애플워치3세대(GPS) 38mm 블랙 플박스 신품급싸게팝니다 15만원
181,iPad 6세대 128GB 스페이스 그레이 팝니다
182,아이패드 8세대 128g 팝니다
183,미개봉)아이패드 프로 4세대 12.9 셀룰러 512기가 팝니다~~(150만)
184,구뉴 아이패드(3세대) 32기가 셀룰러 + AV어댑터 + DMB 모듈 일체 팝니다.
185,아이패드 프로 2세대 11인치 256 +애플펜슬 +스마트폴리오 + 애플케어 +파우치 팝니다
186,Tab A 배송지변경
187,갤럭시탭s6 s급 53만원에 팝니다.
188,아이패드 9.7 128G 로즈골드 판매합니다.
189,아이뮤즈태블릿a8팝니다
190,아이뮤즈 태블릿a8 과전용키보드팝니다
191,아이패드 프로 3세대 12.9인치 오터박스(Otter) 범퍼 케이스 팝니다.
192,서울 신티크 16 그냥 새 거 팝니다(택배가능)
193,갤럭시탭s6 128g wifi 53만원
194,아이패드 에어 3 64g 와이파이 스그+ 에어 팬슬 sss급 팝니다
195,갤럭시탭s6 128g wifi 53만원
196,아이패드 프로 4세대 12.9인치 128gb 실버 wifi 모델 초s급 팝니다. (펜슬미포함)
197,아이패드에어3세대 64기가 wifi 스페이스그레이 + 애플펜슬 팝니다.
198,갤럭시탭 S7 단순개봉 판매합니다.
199,아이뮤즈a8 태블릿 전용키보드셋트 팝니다
200,갤럭시탭s5e125wifi(판매완료)
201,완료
202,와콤 판타블렛 팝니다!
203,아이패드 프로 4세대 11인치 128g wifi 실버 미개봉 팝니다
204,"미개봉,부산)아이패드 에어4 와파64 스그"
205,(미개봉) 아이패드 8세대 32GB Wi-Fi 실버 팝니다
206,갤럭시탭A(2017) SM-T385K // 32GB WIFI 팝니다. (사용감 조금있습니다. 사진보고 결정해주세요.)
207,태블릿 a7 정품 북커버 미개봉 새상품 팝니다
208,아이패드프로 9.7 화이트 일체형 LCD 글라스 액정 팝니다.
209,아이패드 7세대 32G 애플펜슬 1세대 포함 상태 완전 좋음 S급
210,아이패드 8세대 스그 32기가 미개봉 팝니다.
211,"미개봉, 부산)아이패드 에어4 와파64 스그"
212,아이패드 프로 4세대 11인치 128g wifi 실버 미개봉 팝니다
213,와콤 CTL-6100Wl 블루투스모델 팝니다.
214,와콤 뱀부 슬레이트 풀박
215,아이패드 프로 2세대 12.9 64gb + 애플팬슬 1세대
216,아이패드 6세대 스그 128기가 셀룰러 LTE
217,sm-t870 갤럭시탭s7 128g wifi 블랙 미개봉 새제품 팝니다
218,탭s7 128기가 와이파이 블랙
219,아이패드 프로 4 11인치 128기가 wifi
220,단순개봉)갤럭시 탭S7 256gb wifi 정품 키보드커버 풀박스 2월구매
221,와콤 CTL-672 판매(새상품)
222,갤럭시탭 S7 wifi 128gb 팝니다!!
223,아이패드 프로4세대 12.9
224,갤럭시탭 s7+ 256 자급제
225,(미개봉)갤럭시탭s6 lite 64g wifi 버전 팝니다.
226,아이패드6세대 32g wifi 실버 s급 팝니다
227,아이패드 프로 4세대 12.9
228,아이패드 6세대 실버 32G + 애플펜슬 1세대 팝니다
229,아이패드 프로 2세대 10.5 256gb + 애플펜슬 + 스마트커버 + 강화유리필름 + 충전기 팝니다
230,갤럭시노트 10.1 2014 에디션 lte버전 SM-P605K 팝니다.가격내림
231,갤럭시 탭 a 8.0 sm t295 팝니다
232,아이패드 프로 3세대 12.9인치 64기가 셀룰러 + 스마트폴리오케이스 풀박 85만원 팝니다
233,아이패드 프로 2세대 10.5 + 애플팬슬 1세대 판매
234,아이패드 프로 11인치 1세대 (프로 3세대)
235,아이패드프로 4세대 11인치 128기가 Wifi+애플펜슬2세대 팔아요
236,(미개봉새상품) 아이패드 프로4 11형 (2세대) Wi-Fi 256GB 팝니다. 스페이스그레이
237,본체+모니터 통으로 팝니다
238,아이뮤즈a8 태블릿 팝니다
239,아이패드 미니5세대 64G LTE 애플케어
240,갤럭시텝4 sm-530/32g팝니다
241,와콤타블렛
242,아이패드 에어2 ipad air2(64G/골드/LTE)팝니다
243,아이패드프로3세대 wifi 256gb 팝니다
244,갤럭시 탭 s7 256기가 와이파이(풀박스+사용감제로)
245,부산 삼성 탭s6 256기가 lte 팝니다
246,아이패드 프로4 (2세대) 11인치 256GB Wifi SS급 팝니다.
247,아이패드프로 3세대 12.9 256기가 팝니다
248,판매완료
249,아이패드 에어3세대 배터리 효율 100% 스페이스 그래이
250,아이패드 프로 2세대 10.5 셀룰러 256기가 팝니다
251,갤럭시S7 블랙 256GB WIFI 모델팝니다 (2월 15일 구매)
252,아이뮤즈a8 팝니다
253,갤럭시 탭S7+ 빈박스만 팝니다.
254,갤럭시탭A 8인치 2017 32GB 모델 팝니다
255,갤럭시 탭 A10 2019 32GB +256GB 삼성SD카드 팝니다.
256,디징크 x16pro +거치대포함
257,아이패드 프로 4세대 11인치 128g wifi 실버 미개봉 팝니다
258,탭s7 힐링쉴드 보호필름 팝니다
259,(직거래만 포항)애플 라이트닝 어댑터 팝니다.
260,아이패드 프로 10.5 셀룰러 256기가 스그 팝니다
261,갤럭시S7 블랙 256GB WIFI 모델팝니다 (2월 15일 구매)
262,아이패드 프로 4세대 11인치 128g wifi 실버 미개봉 팝니다
263,애플펜슬 2세대 미개봉팝니다
264,갤럭시 s5e 128g LTE 팝니다
265,아이패드 프로 4세대 팝니다!!
266,(S급) 신티크 DTK 2260 팝니다
267,아이패드프로 3세대 12.9스그64g 셀룰러+애플팬슬팝니다.
268,풀박 삼성 갤럭시탭 a6 10.1 with spen lte 정품케이스+충전기+액정필름 포함 팝니다(택포)
269,풀박 삼성 갤럭시탭 a6 10.1 with spen lte 정품케이스+충전기+액정필름 포함 팝니다(택포)
270,풀박 삼성 갤럭시탭 a6 10.1 with spen lte 정품케이스+충전기+액정필름 포함 팝니다(택포)
271,풀박 삼성 갤럭시탭 a6 10.1 with spen lte 정품케이스+충전기+액정필름 포함 팝니다(택포)
272,풀박 삼성 갤럭시탭 a6 10.1 with spen lte 정품케이스+충전기+액정필름 포함 팝니다(택포)
273,풀박 삼성 갤럭시탭 a6 10.1 with spen lte 정품케이스+충전기+액정필름 포함 팝니다(택포)
274,풀박 삼성 갤럭시탭 a6 10.1 with spen lte 정품케이스+충전기+액정필름 포함 팝니다(택포)
275,풀박 삼성 갤럭시탭 a6 10.1 with spen lte 정품케이스+충전기+액정필름 포함 팝니다(택포)
276,풀박 삼성 갤럭시탭 a6 10.1 with spen lte 정품케이스+충전기+액정필름 포함 팝니다(택포)
277,풀박 삼성 갤럭시탭 a6 10.1 with spen lte 정품케이스+충전기+액정필름 포함 팝니다(택포)
278,풀박 삼성 갤럭시탭 a6 10.1 with spen lte 정품케이스+충전기+액정필름 포함 팝니다(택포)
279,풀박 삼성 갤럭시탭 a6 10.1 with spen lte 정품케이스+충전기+액정필름 포함 팝니다(택포)
280,풀박 삼성 갤럭시탭 a6 10.1 with spen lte 정품케이스+충전기+액정필름 포함 팝니다(택포)
281,풀박 삼성 갤럭시탭 a6 10.1 with spen lte 정품케이스+충전기+액정필름 포함 팝니다(택포)
282,풀박 삼성 갤럭시탭 a6 10.1 with spen lte 정품케이스+충전기+액정필름 포함 팝니다(택포)
283,풀박 삼성 갤럭시탭 a6 10.1 with spen lte 정품케이스+충전기+액정필름 포함 팝니다(택포)
284,풀박 삼성 갤럭시탭 a6 10.1 with spen lte 정품케이스+충전기+액정필름 포함 팝니다(택포)
285,풀박 삼성 갤럭시탭 a6 10.1 with spen lte 정품케이스+충전기+액정필름 포함 팝니다(택포)
286,풀박 삼성 갤럭시탭 a6 10.1 with spen lte 정품케이스+충전기+액정필름 포함 팝니다(택포)
287,풀박 삼성 갤럭시탭 a6 10.1 with spen lte 정품케이스+충전기+액정필름 포함 팝니다(택포)
288,아이패드 프로4세대 12.9 2개월 사용한거 팔아요. 256기가 셀룰러
289,아이패드 프로 4세대 11인치 128g wifi 실버 미개봉 팝니다
290,뇌새김 lg8200
291,아이패드 프로3 셀룰러 스그 팜(내용 참조)
292,풀박 삼성 갤럭시탭 a6 10.1 with spen lte 정품케이스+충전기+액정필름 포함 팝니다(택포)
293,풀박 삼성 갤럭시탭 a6 10.1 with spen lte 정품케이스+충전기+액정필름 포함 팝니다(택포)
294,풀박 삼성 갤럭시탭 a6 10.1 with spen lte 정품케이스+충전기+액정필름 포함 팝니다(택포)
295,풀박 삼성 갤럭시탭 a6 10.1 with spen lte 정품케이스+충전기+액정필름 포함 팝니다(택포)
296,LG HomeBoy station + Gpad
297,풀박 삼성 갤럭시탭 a6 10.1 with spen lte 정품케이스+충전기+액정필름 포함 팝니다(택포)
298,풀박 삼성 갤럭시탭 a6 10.1 with spen lte 정품케이스+충전기+액정필름 포함 팝니다(택포)
299,풀박 삼성 갤럭시탭 a6 10.1 with spen lte 정품케이스+충전기+액정필름 포함 팝니다(택포)
300,8인치 윈도우 태블릿 아이나비 xd8 팝니다
301,"강원 원주 A6 SM-585no t580, LTE + wifi 모델 팝다"
302,갤럭시 SM-P580
303,갤럭시탭 A 8.0 WIFI 32GB 미개봉 새제품 팝니다.
304,"아이패드 에어3 와이파이 256기가 캐어플러스 1년 , 애플펜슬 1세대 팝니다."
305,아이패드 에어3
306,(미개봉) 아이패드 에어4 스페이스그레이 64기가 와이파이 팝니다.(판매완료)
307,아이패드 프로 4세대 11인치 128g wifi 실버 미개봉 팝니다
308,아이패드 미니2 16gb
309,아이패드 7세대 32기가 wifi 형 팝니다
310,아이패드 미니5 실버 64기가 와이파이 팝니다. 상태 좋아요
311,[S급] 아이패드 에어3 (64GB) 실버색상 + 애플펜슬 팝니다.
312,LG지패드5 LM-T600L 32기가 LTE 새제품 팝니다
313,아이패드 에어3 스그 + 애플 키보드 팝니다
314,아이패드 에어4 매직키보드 (3월 21일 구매) 팝니다
315,8인치 윈도우 태블릿 아이나비 xd8 팝니다
316,"강원 원주 A6 SM-585no t580, LTE + wifi 모델 팝다"
317,갤럭시 SM-P580
318,갤럭시탭 A 8.0 WIFI 32GB 미개봉 새제품 팝니다.
319,"아이패드 에어3 와이파이 256기가 캐어플러스 1년 , 애플펜슬 1세대 팝니다."
320,아이패드 에어3
321,(미개봉) 아이패드 에어4 스페이스그레이 64기가 와이파이 팝니다.(판매완료)
322,아이패드 프로 4세대 11인치 128g wifi 실버 미개봉 팝니다
323,아이패드 미니2 16gb
324,아이패드 7세대 32기가 wifi 형 팝니다
325,아이패드 미니5 실버 64기가 와이파이 팝니다. 상태 좋아요
326,[S급] 아이패드 에어3 (64GB) 실버색상 + 애플펜슬 팝니다.
327,LG지패드5 LM-T600L 32기가 LTE 새제품 팝니다
328,아이패드 에어3 스그 + 애플 키보드 팝니다
329,아이패드 에어4 매직키보드 (3월 21일 구매) 팝니다
330,Xppen 15.6 팝니다
331,아이패드프로 3세대 12.9 256기가 리퍼새제품 스그색상 팝니다
332,아이패드 에어3 스그256+정품키보드케이스+팬슬 1세대 팝니다
333,아이패드 에어3
334,아이패드 미니5 256기가 셀룰러 팝니다.
335,서피스 프로 7 팝니다 ! 직거래 + 택배 둘다 가능!
336,삼성 노트북 실사용 0회 상태 sss급 팝니다
337,아이패드 프로4 12.9 256GB 셀룰러 실버 120만팔아요
338,아이패드7세대 32기가 셀룰러팝니다
339,아이패드 7세대 32G Wi-Fi 팝니다.
340,아이패드 6세대 와이파이 스페이스 그레이 팝니다
341,아이패드 에어3세대 64g wifi 액정파손 팝니다.
342,대구 동구 갤럭시탭 와이파이 미개봉 뽁뽁이 그대로 새 제품팝니다.
343,아이패드 8세대 팝니다.
344,갤럭시탭 S7 와이파이 256기가 미개봉 아카데미가능 상품팝니다.
345,아이패드 프로 3세대 12.9형 와이파이 64기가 팝니다
346,"크레마 사운드 팝니다 (파우치, 케이스 포함)"
347,아이패드 6세대 WIFI 32G 스페이스 그레이+애플펜슬 팝니다
348,아이패드 에어3
349,서피스 프로7세대 팝니다! 직거래 + 택배 둘다 가능 :)
350,[판매완료]아이패드 프로 와이파이 12.9 4세대 512GB 스페이스 그레이+애플 펜슬 2세대+애플 스마트 키보드 3세대+애플케어
351,아이패드 8세대 128GB 박스 팝니다
352,아이패드 12.9 4세대 256GB WIFI 팝니다
353,갤럭시탭4 팝니다 8만원
354,아이패드 프로 3세대 12.9인치 256G 셀룰러 팝니다[애플케어플러스] 가격조정
355,갤럭시노트 10.1 2014에디션 lte
356,아이패드 에어3
357,아이패드에어3셀룰러 리퍼미사용
358,갤럭시탭s6 lte모델 팝니다
359,[팝니다] 아이패드 에어 1세대 셀룰러 64G 실버
360,미개봉 아이패드 에어4 wifi 64g 팝니다.
361,갤럭시 탭s6 wifi 128g 모델 풀박스 팝니다.(s6라이트 아님)
362,T505 12대 A125 2대 미개봉 가개통 팝니다.
363,삼성 갤럭시 뷰 판매합니다(서울)
364,미개봉 갤럭시탭A SMT-290 32기가 팝니다
365,"아이패드 프로2 12.9 256gb 셀룰러 + 애플펜슬 1 팝니다. (부산, 스페이스 그레이)"
366,와콤 파인팁 펜 finetip pen (kp-132)
367,아이패드에어3 64기가+ 에어팬슬1세대
368,아이패드 프로4세대 12.9 wifi 128gb 팝니다ㅠ
369,갤럭시북2(SM-W737) 팝니다. 판매완료.
370,아이패드 에어4 64기가 와이파이 실버 팝니다.
371,아이패드 미니 5 팝니다
372,갤럭시탭s6 128gb wifi 급처분 (라이트아님)
373,아이패드 파우치 갤탭 파우치 브런치 브라더 13인치사이즈
374,"아이패드 프로4세대, 펜슬, 폴리오키보드 셀룰러 모델128gb"
375,완료)갤럭시 탭 s4 lte a급 팝니다
376,갤럭시탭A3LTE 팝니다
377,갤럭시탭 s4 lte 64기가 팝니다. (택배 가능)
378,미개봉 새상품 갤럭시탭 A 8.0 T290 팝니다
379,[부산/양산] 캐나다 아이패드 프로 3세대 11인치 S급 세트 팝니다. (애플케어+)
380,s6 lite 64기가 wifi 팝니다 380000
381,"와콤 원 팝니다 (풀박스, 상태최상)"
382,탭S4 LTE용 정상해지 팝니다
383,갤럭시텝a6/spen/sm-585no팝니다
384,갤럭시텝a6/sm-t580팝니다
385,아이패드에어3 256기가 스그 팝니다
386,갤럭시탭 s4 lte 34만원에 싸게 넘깁니다.
387,서피스북 프로 7세대 i5 8GB 팝니다 :)
388,[발송완료] 와콤 인튜어스 CTL-4100WL 소형 블루투스 타블렛
389,부산 지패드4 8.0 lte gpad4 팝니다
390,아이패드 프로 4세대 11인치 128g wifi 실버 미개봉 팝니다
391,델 정품 전원 어댑터 DA24NM130 팝니다.
392,와콤 ctl-6100wl 팝니다.(블루투스모델) 8만원
393,에어팟2세대 유선모델 새제품 팝니다
394,짭펜슬 팝니다
395,삼성 갤럭시 탭 S7 LTE 256GB + 정품 키보드 북커버 팝니다.
396,NT950QCG-X716 갤럭시북 플렉스 미개봉 새제품 급처합니다.165만
397,아마존 파이어 hd10 [2019] 블루 32GB 팝니다
398,[부산-애플케어플러스]아이패드 프로 4세대 11인치(2세대) 128gb wifi 실버 팝니다
399,아이패드 6세대 128기가 와이파이버전+펜슬 1세대팝니다
400,갤럭시탭 10.1 shw-m480k 16gb 팝니다
401,ipad air 3세대 홈버튼깨진 기기(정상작동) 싸게 팝니다.
402,하프학사 공무원용 태블릿 팝니다
403,판매완료
404,아이패드 프로 4세대 11인치 128GB wifi 모델 팝니다
405,아이패드 2세대 10.5 인치 256GB 풀박 + 정품 키보드 풀박 팝니다.
406,"[부산,창원]아이패드 프로4세대 12.9인치 1TB 셀룰러, 스그, 애케플(22년11월11일까지) + 애플펜슬 팝니다."
407,갤럭시 탭 s2 lte a급 팝니다. sm715 32g
408,"아이패드 에어3, 애플펜슬 1세대 판매합니당"
409,(급처!!!) 아이패드 에어3 실버 + 애플펜슬 1세대 팝니다
410,아이패드 프로 2세대 12.9인치 256GB 팝니다
411,부산)포크프로 정품리모컨 포함 택포14만 팝니다
412,아이패드 미니 a1432 팝니다
413,아이패드 에어3 64gb 설롤러 버전 팝니다
414,와콤 신티크 액정 타블렛 DTK-1660 팝니다 합정 망원
415,8인치 윈도우 태블릿 아이나비 xd8 팝니다
416,갤럭시탭 s4 lte 64기가 팝니다. 35만원
417,(부산직거래) 갤럭시탭 s7 256gb wifi모델 팝니다
418,갤럭시탭S6 와이파이 256g 회색 sm-t860 정품 충전기 이어폰 펜슬
419,아이패드 프로 12.9' 128GB
420,서피스고1 128g wifi
421,밀크티탭(밀크티패드)팝니다
422,아이패드 프로 12.9 3세대 wifi 256g 팝니다.
423,아이패드프로 2세대 256g 셀룰러 + 애플펜슬1세대 + 스마트키보드폴리오 + 뷰씨 케이스 팝니다.
424,(미개봉 새상품)탭a 8.0팝니다
425,아이패드 미니5 256g 셀룰러 팝니다
426,카르마 크레타 A급 5만원
427,청주 갤럭시탭A7 WIFI (10.3인치_26.2cm) 팝니다.
428,아이패드 프로3세대 12.9 wifi 256gb 펜슬 포함 오늘만 100
429,갤럭시탭S6 와이파이 256g 회색 sm-t860 정품 충전기 이어폰 펜슬
430,갤럭시TebS6lite wifi129G팝니다
431,서피스프로x sq1 256G 펜+키보드 lte 버전 팝니다 직거래로 부산만
432,아이패드 프로 3세대 12.9 1t + 정품키보드 + 애플펜슬 팝니다
433,신형 신티크22(DTK-2260) + 어고트론암세트팝니다.
434,거의새제품)버즈라이브 블랙 정품
435,갤럭시 탭 s7 wifi 128GB 팝니다.
436,부산 아이패드5 64g 팝니다 wifi
437,아이패드 프로2 256G 팝니다
438,갤럭시TebS6lite wifi129G팝니다
439,갤럭시S10+ 128G 화이트 공기기 판매합니다
440,아이패드 프로 3세대 1TB 11인치 (셀롤러) 새상품 팝니다.
441,사기주의 탭s5e 아이디 Jejel
442,아이패드 프로 3세대 12.9인치 512 와이파이 팝니다+2세대 펜+ 보험+ 기타용품 포함
443,"아이패드 프로 4세대 12.9 (128G,wifi) + 펜슬 2세대 팝니다"
444,아이패드 128g 셀룰러 팝니다.
445,갤럭시탭 s4 37만원에 팝니다.
446,갤럭시탭S6 와이파이 256g 회색 sm-t860 정품 충전기 이어폰 펜슬
447,광주 광역시 아이패드 미니5 64g 실버 셀룰러 팝니다(가격 수정)
448,부산-아이패드 프로 4세대 11인치(2세대) wifi 실버 애플케어플러스 적용된 기기 팝니다
449,아이패드 에어3 256기가 스페이스그레이 셀룰러 리퍼미사용 팝니다
450,인튜어스 프로 소형 PTH-460 팝니다
451,갤럭시 탭s7 128G LTE (상태A++)팝니다
452,아이패드 미니5 64GB WIFI 팝니다.
453,"(군포, 산본)아이패드 프로 3세대 11인치 512기가 셀룰러LTE팝니다"
454,아이패드 에어3세대_256GB_WIFI모델 실버 풀박 팝니다.
455,갤럭시탭S6 5G 128g S급 팝니다.
456,아이패드4세대 64기가 와이파이
457,휴이온 Q620m 팝니다
458,아이패드 에어4세대 64g wifi 스카이블루 미개봉+애플케어 22년 11월까지 팝니다~
459,[박스풀셋] 아이패드 프로 4세대 12.9인치 128G + 애플펜슬 팝니다!
460,아이패드미니5 64gb 골드색상 30에팝니다
461,갤럭시 탭S7 8/256 S급 팝니다(정품키보드 포함)
462,갤럭시탭s7+
463,오닉스 노바프로 팝니다.
464,아이패드 프로11 3세대
465,인튜어스 프로 소형 PTH-460 팝니다
466,갤럭시 탭s7 128G LTE (상태A++)팝니다
467,아이패드 미니5 64GB WIFI 팝니다.
468,"(군포, 산본)아이패드 프로 3세대 11인치 512기가 셀룰러LTE팝니다"
469,아이패드 에어3세대_256GB_WIFI모델 실버 풀박 팝니다.
470,갤럭시탭S6 5G 128g S급 팝니다.
471,아이패드4세대 64기가 와이파이
472,휴이온 Q620m 팝니다
473,아이패드 에어4세대 64g wifi 스카이블루 미개봉+애플케어 22년 11월까지 팝니다~
474,[박스풀셋] 아이패드 프로 4세대 12.9인치 128G + 애플펜슬 팝니다!
475,아이패드미니5 64gb 골드색상 30에팝니다
476,갤럭시 탭S7 8/256 S급 팝니다(정품키보드 포함)
477,갤럭시탭s7+
478,오닉스 노바프로 팝니다.
479,아이패드 프로11 3세대
480,삼성전자 갤럭시탭A + s-pen
481,아이패드 7세대 32기가 와이파이 + 애플펜슬 1세대
482,"[팝니다] 대전 galaxy tab s7 갤럭시 탭 s7 wifi 128GB 팝니다. 미스틱 블랙 (직거래, 안전거래, 택배거래 다 가능)"
483,갤럭시탭s7플러스 wifi 256기가 미개봉 팝니다
484,유로이드 팝니다
485,아이패드 1(A1219) 16기가. 팝니다. 3만원
486,아이패드 프로 4세대 11인치 128g wifi(보증기간 7월까지)
487,와콤 신티크 22HD DTK-2260 팝니다
488,ESR 아이패드 키보드케이스 11인치 팝니다.
489,갤럭시탭 s7+ 256 LTE 블랙 팝니다
490,아이패드 에어 2 실버 64기가 WIFI 팝니다
491,"아이패드 에어3(64GB, 셀룰러, 그레이) 판매합니다."
492,"갤럭시탭s7 128GB ""브론즈색상"" sss급 상태 팝니다"
493,애플 아이패드용 스마트 키보드 폴리오 박스풀셋 13만
494,아이패드 프로3 12.9인치 256g 셀룰러 + 애플펜슬 2세대 팝니다
495,아이패드 프로 4세대 12.9인치 WIFI 256G 스페이스그레이 + 매직키보드 + 애플케어 팝니다.(일괄판매)
496,아이패드 프로 3세대 셀룰러 lte 12.9인치 512gb 리퍼 미사용 팝니다
497,"아이패드 4세대 10.9인치 와이파이 64기가 스카이블루, 애플펜슬, 펜슬케이스"
498,"아이패드 프로 4세대 11인치 256G 스페이스그레이 판매 (85만원, 21년 3월구매)"
499,갤럭시탭s7플러스 256기가 와이파이버전 블랙색상팝니다
500,"아이패드 프로 4세대 11인치 256G 스그 판매 (85만원, 21년 3월구매)"
501,아이패드 7세대 wifi 32GB 스페이스 그레이 팝니다
502,아이패드 에어 2 WIFI 실버 64기가 팝니다
503,"아이패드 에어3(64GB, LTE) +정품 스마트커버"
504,아이패드
505,아이패드 에어 2 실버 wifi 64g 팝니다.
506,갤럭시탭 S7+ LTE 256g / 미개봉 정품키보드커버 팝니다
507,갤럭시탭8.0 2017팝니다
508,아이패드 에어3 wifi 와이파이 64g 팝니다 거의 새거 스페이스 그레이
509,전북 군산 아이패트 미니5 셀룰러 64기가 그레이 풀박스
510,아이패드 에어4세대 미개봉 64GB 셀룰러 스페이스 그레이 83만원에 팝니다 (서울 직거래 선호 자차배송가능)
511,팜) 아이패드 프로 2세대 12.9인치 512GB 셀룰러
512,아이패드 프로 11 4세대 A2228 128g 실버 팝니다.
513,판매 합니다 삼성전자 갤럭시 탭S7 11.0 Wi-Fi 256GB 정품 키보드 북커버 팝니다
514,"마이크로 소프트 서피스프로3 cpu i7, ssd 256g, ram 8g (터치스크린) 배터리 특A급 팝니다."
515,갤럭시탭s6 256GB wifi 팝니다
516,와콤 인튜어스 CTL-4100/KO-CX 팝니다.
517,아이패드 10.5 256G 팝니다
518,와콤신디크프로 13 팝니다.
519,갤럭시탭팝니다
520,아이패드 프로 3세대 실버 셀룰러 12.9인치x256G+애플펜슬 2세대+케이스 팝니다
521,아이패드 프로3 12.9 256팝니다.
522,아이패드 프로 2세대 11인치 256기가 셀룰라 모델 팝니다!
523,갤럭시탭a8.0 팝니다
524,갤럭시탭 팝니다
525,갤럭시탭S7+ 5G 256GB 자급제 팝니다
526,갤럭시탭S7+ 5G 팝니다
527,갤럭시탭 s7+ 256gb LTE
528,갤럭시탭 s7+ s7 플러스 256 lte 블랙 팝니다
529,아이패드 에어 2 실버 wifi 64g 팝니다.
530,갤럭시 탭 S7+ 블랙 256gb LTE모델 팝니다
531,갤럭시탭s7+
532,갤럭시탭 s5e 자가유통용 wifi 128g 팝니다.
533,개럭시탭S6 5g 128g
534,갤럭시탭s7 (갤탭s7) 삼성정품 키보드북커버 케이스팝니다.
535,"마이크로 소프트 서피스프로3 cpu i7, ssd 256g, ram 8g ( 터치스크린 ) 배터리 A급"
536,아이패드 8세대 128기가 미개봉 상품
537,갤럭시탭S7+ 5G 256GB 자급제 팝니다
538,갤럭시 탭 s7+ 256g wifi 미스틱 브론즈 팝니다.
539,[풀박] 갤탭S7 256 자급제/정품키보드 팝니다
540,갤럭시탭s7 wifi 128팝니다!!
541,와콤 뱀부펀 팝니다
542,미개봉 아이패드 프로 4세대 와이파이 11인치 128gb 스그 팝니다
543,[단순개봉/활성화X]아이패드프로4세대 12.9 256GB 셀룰러 스그 팝니다
544,아이패드 8세대 128기가 미개봉 상품
545,아이패드 에어2 64기가골드 팝니다
546,아이패드 프로 3세대 11형 64기가 와이파이 팝니다
547,아이패드 미니5세대 64g 스그 셀룰러 애플케어 팝니다
548,갤럭시탭8.0 2017팝니다
549,아이패드 미니4 와이파이 16g 골드 팝니다
550,아이패드 64기가 로즈골드 팝니다
551,아이패드 프로 2세대 + 1세대 애플펜슬 팝니다.
552,리디 페이퍼 라이트 (리페라)
553,아이패드프로 3세대 셀룰러 512 스그 + 애케플 8월5일까지
554,아이패드 4세대 프로 11인치 128GB 셀룰러 팝니다
555,"갤럭시 버즈 라이브 (미스틱 브론즈) , 스마트 태그 미개봉 새 상품 팝니다"
556,아이패드4세대프로 12.9인치 리퍼제품 128GB 스페이스 그레이 팝니다. #새제품
557,갤럭시 탭 s7 256기가 +정품 키보드 케이스 미스트 블랙
558,아이패드 5세대 32GB Wifi 팝니다.
559,갤럭시탭s6 Wifi 256GB 마운틴그레이 팝니다
560,대전 갤럭시 탭 s7+ wifi 256 팝니다
561,갤럭시 탭 S7+ 블랙 256gb LTE모델 팝니다
562,갤럭시탭 S6 LTE 128G 로즈블러쉬 팝니다/자급제
563,아이패드 에어4 로즈골드 팝니다
564,아이패드 프로 2세대 256 셀룰러 12.9인치 + 애플펜슬 1세대
565,아이패드 에어4 팝니다
566,아이패드프로4세대 11인치 256gb 셀룰러 + 애플펜슬 팝니다 (케어플러스 추가)
567,아이패드 프로 3세대 11인치 애케플 22년 팝니다
568,갤럭시탭s7+
569,갤럭시탭 s7+ 256gb lte 블랙 팝니다.
570,갤럭시탭A 10.1 T515 LTE A+급 탭 팝니다
571,애플펜슬 2세대 개봉만 한것 팝니다
572,애플펜슬 2세대 개봉만 한것 팝니다
573,아이패드 7세대 32G wifi 펜포함
574,부산 > 게이밍컴퓨터 i5-10400 팝니다
575,아이패드프로4세대 12.9 256 셀룰러 + 애플펜슬2
576,아이패드프로 11형 4세대 wifi+셀룰러 팝니다(S급 생활기스 X)
577,갤럭시탭S7플러스LTE 256G 브론즈 자급제 팝니다
578,아이패드 미니 3 와이파이 128기가 골드 팝니다
579,짭플펜슬 2세대 팝니다.
580,(미개봉) 아이패드 8세대 128GB WiFi 스페이스 그레이 팝니다.
581,갤럭시탭 s7 128gb wifi 팝니다
582,아이패드 프로 4세대 12.9 128GB wifi 와이파이 (애플케어플러스 포함) 풀박 팝니다.
583,아이패드 프로 4세대 12.9 128gb wifi 애플펜슬2세대
584,아이패드 프로 4세대 12인치wifi 256g 팝니다
585,아이패드 프로4세대 12.9인치 상태SSS
586,아이패드 에어4 로즈골드 64기가 팝니다
587,아이패드 7세대 32 와이파이 스그 + 애플펜슬 급처!!!
588,아이패드 프로 4세대 12.9인치 WIFI 256G 스페이스그레이 + 매직키보드 + 애플케어 팝니다.(일괄판매)
589,삼성갤럭시탭A7 sm-t500 미개봉 새제품팝니다
590,아이패드 미니5세대 256GB Wifi A급 팝니다
591,<풀박>아이패드프로 11인치 4세대 128g wifi
592,아이패드 프로 4세대 12.9인치 스페이스그레이 팝니다.
593,갤럭시탭s7+
594,아이패드프로 11 4세대 256 셀률러 와이파이 팝니다
595,애플 아이패드 프로4세대 12.9형 와이파이 128G 미개봉품 105만원
596,갤럭시탭s7 삼성 정품 키보드북커버케이스 10만원
597,아이패드프로4세대 12.9 wifi 128 스페이스그레이
598,갤럭시 탭 2013년식 팝니다 (5만)
599,갤럭시 탭 2014 팝니다 (75000)
600,김제 직거래 가능 ) 아이패드 4세대 11인치 wifi 모델 128gb 팝니다. 상태 최상
601,갤럭시 탭 S2 팝니다
602,아이패드 프로 9.7 실버 팝니다 28만원
603,아이패드 프로 3세대 11인치 64기가 와이파이 실버 + 애플펜슬 2세대 팝니다.
604,(미개봉) 아이패드에어4 64기가 스그 wifi + 스마트키보드 팝니다.
605,아이패드 미니5 와이파이용 64기가 로즈골드
606,아이패드 프로 9.7 실버 팝니다
607,"아이패드 프로4 256기가 와이파이, 스마트키보드 케이스, 애플펜슬2, 정품케이스 팝니다."
608,아이패드에어3 lte 최저가로 팔아요
609,아이패드 7세대 32기가 wifi 로즈골드 팝니다
610,아이패드 에어3 64기가 와이파이 애케플!!!팝니다
611,갤럭시 탭 A6 SM-T580 팝니다
612,(네고가능/직/택배가능) 아이패드 프로 3세대 11인치 64gb 셀룰러 스그 팝니다!
613,갤럭시s7+ 256gb wifi랑 정품북커버팝니다
614,갤럭시탭s4 LTE 256GB 팝니다.
615,김제 직거래 가능 ) 아이패드 4세대 11인치 wifi 모델 128gb 팝니다. 상태 최상
616,갤럭시 탭 S2 팝니다
617,아이패드 프로 9.7 실버 팝니다 28만원
618,아이패드 프로 3세대 11인치 64기가 와이파이 실버 + 애플펜슬 2세대 팝니다.
619,(미개봉) 아이패드에어4 64기가 스그 wifi + 스마트키보드 팝니다.
620,아이패드 미니5 와이파이용 64기가 로즈골드
621,아이패드 프로 9.7 실버 팝니다
622,"아이패드 프로4 256기가 와이파이, 스마트키보드 케이스, 애플펜슬2, 정품케이스 팝니다."
623,아이패드에어3 lte 최저가로 팔아요
624,아이패드 7세대 32기가 wifi 로즈골드 팝니다
625,아이패드 에어3 64기가 와이파이 애케플!!!팝니다
626,갤럭시 탭 A6 SM-T580 팝니다
627,(네고가능/직/택배가능) 아이패드 프로 3세대 11인치 64gb 셀룰러 스그 팝니다!
628,갤럭시s7+ 256gb wifi랑 정품북커버팝니다
629,갤럭시탭s4 LTE 256GB 팝니다.
630,아이패드 프로 9.7 실버 팝니다 28만원
631,아이패드 프로 3세대 11인치 64기가 와이파이 실버 + 애플펜슬 2세대 팝니다.
632,아이패드 프로 3세대 11인치 64기가 와이파이 실버 + 애플펜슬 2세대 팝니다.
633,아이패드에어4 (256g)와이파이용 실버색 팝니다
634,아이패드 프로 9.7 실버 팝니다
635,애플팬슬 미개봉 2세대 팝니다. 14만원 거래내역 많음
636,애플펜슬 팝니다
637,갤럭시탭s6라이트 LTE 128g 팝니다
638,아이패드 7세대 WIFI 128GB A급 싸게 팝니다.(재업 가격인하)
639,갤럭시 탭A 203.1mm 블랙 미개봉상품 팝니다.
640,아이패드프로4 11인치 wifi 스그 애케플+ 애플펜슬2세대(펜슬만 새거)
641,아이패드6 32g 스페이스그레이 + 케이스 + 애플펜슬 1세대 팝니다. (기스 없음)
642,아이패드에어 4 (256) 와이파이용팝니다
643,프로 1세대 a1652 팝니다.
644,갤럭시 탭 A 8.0(2017) LTE32G 팝니다.(외관상태AAA입니다.)
645,아이패드 프로 3세대 12.9 인치 256기가 팝니다
646,아이패드 미니5 64gb
647,아이패드 에어3 256GB + 펜슬 + 스마트키보드 + 케이스 팝니다.
648,갤럭시 탭 s6 라이트 lite wifi 64기가 그레이 미개봉 팝니다
649,부산 휴이온 h640p 타블렛팝니다
650,아이패드 프로 2세대 10.5인치 64g wifi 팝니다 39만원
651,아이패드 에어4 wifi + cellular 64GB 팝니다
652,갤럭시탭 SM T 510 팝니다
653,갤럭시텝4sm-t530팝니다
654,갤럭시탭s7 128g 미개봉팝니다!
655,아이패드 에어4 64G 스카이블루 (Wi-Fi) + 애플 펜슬 2세대 팝니다.
656,갤럭시 탭 s6 라이트 lite wifi 64기가 그레이 미개봉 팝니다
657,갤럭시탭s3 와이파이 팝니다.
658,아이패드 프로 3세대 11인치 64G 와이파이 + 애플펜슬 2세대 팝니다.
659,아이패드 프로 4세대 12.9 256GB팝니다
660,"아이패드 프로 3세대 11인치 WIFI 256GB 팝니다.(스페이스그레이, MTXQ2KH/A)"
661,"아이패드 프로 5세대 12.9인치 스그 셀룰러128GB(157)팝니다 (6/11 배송지 변경)1,575,000"
662,아수스 Z8S 팝니다 - 거래완료
663,아이패드 프로3세대 11인치 256g WIFi 팝니다.
664,아이패드 8세대 wifi모델 미개봉 새상품 팝니다
665,아이패드 프로 3세대 12.9 256G wifi+cellular 스페이스그레이 팝니다.
666,갤럭시탭 s6(갤럭시탭s6) 마운틴그레이 256 wifi + 케이스 팝니다
667,삼성갤럭시탭 S2 32GB 9.7 (SM-T815) 11만원
668,아이패드 4세대 64gb wifi 팝니다
669,부산 휴이온 H640p팝니다
670,갤럭시 탭 S7 128g wifi 모델 + 정품 키보드 커버
671,아이패드프로1세대 12.9인치 wifi 32gb 팝니다..!!
672,아이패드 에어3 64g+애플펜슬 팝니다
673,아이패드미니5 스그 64기가 lte버전 미개봉품 팝니다
674,(쿠팡) 2차 아이패드 5세대 12.9형 wifi 256 스그 팝니다.
675,갤럭시탭S7 키보드커버 미개봉 팝니다!
676,sm-t295
677,아이패드 프로 4세대 12.9 실버 와이파이 모델 128gb + 애플 펜슬 2세대 + 애플케어 플러스(2022/9) 팝니다.
678,아이패드6세대 스그 32G+애플펜슬 1세대 팝니다
679,갤럭식 북 10.6( w-627 ) 팝니다.
680,갤럭시탭 S6 wifi 256gb 팝니다
681,삼성 갤럭시 Tab S6 Lite 128GB LTE 팔아요(미개봉)
682,아이패드 7세대 32g WIFI +펜슬 팝니다
683,갤럭시탭A t515n팝니다
684,"아이패드 에어4 스페이스그레이 64기가 셀룰러, 애플펜슬2세대 팝니다 (완전 새것, 5월10일 구매제품,마우스 키보드 제공)"
685,갤럭시탭s6라이트 128g lte 팝니다
686,아이패드에어4 (256g)팝니다
687,"S급 아이패드 에어3 64기가 와이파이+ 애플펜슬 , 풀박스"
688,애플 아이패드 에어4 256GB 스페이스 그레이 (스그) wifi 미개봉 팝니다.
689,아이패드 4세대 11인치 셀룰러 128 애캐플
690,아이패드 프로4 128G WiFi + 애케플 팝니다
691,아이패드 8세대 32기가 실버 + 팬슬 팝니다
692,갤럭시 SM-T375S - 16G LTE지원 모델팝니다.
693,"아이패드 에어4 스페이스그레이 64기가 셀룰러, 애플펜슬2세대 팝니다 (완전 새것, 5월10일 구매제품,마우스 키보드 제공)"
694,아이패드 5세대 32기가 와이파이 팝니다(대구)
695,아이패드 프로 10.5인치 셀룰러 256GB+펜슬+스마트키보드 팝니다.
696,아이패드 프로11인치
697,아이패드 프로 3세대 256g 셀룰러 풀세트 팝니다
698,한성 tfg7476hs 새제품 팝니다
699,갤럭시탭S7 128G 블랙 팝니다
700,아이패드 에어3 팝니다.
701,태블릿pc팝니다
702,아이패드 에어3 55만원에 팝니다!
703,아이패드 에어4 스카이블루 64기가 와이파이 미개봉팝니다
704,아이패드 프로 10.5인치 셀룰러 256GB+펜슬+스마트키보드 팝니다.
705,갤럭시탭7+ 256 LTE 팝니다
706,아이패드 프로 3세대 12.9 256G wifi+cellular 스페이스그레이 팝니다.
707,(S급) 아이패드 프로 3세대 12.9인치 셀룰러 팝니다
708,갤럭시 탭 액티브1 (SM-T365F0) 16g 미개통 LTE 제품 팝니다.
709,갤럭시탭s7+ wifi 정품키보드북 팝니다
710,(S급)아이패드 프로 3세대 12.9인치 셀룰러 팝니다
711,아이패드7세대 wifi 32gb + 케이스 + 블루투스키보드 + 짭플펜슬4세대
712,아이패드 미니5 WFI 64 + 애플펜슬 팝니다
713,갤럭시탭 s5e 64기가 wifi
714,갤럭시탭E 화이트팝니다
715,갤럭시탭s7 + wifi 북커버+블랙팝니다
716,갤럭시 탭e 블랙(LTE버전) 팝니다.
717,아이패드 A1458 9.7인치 와이파이용 32기가 모델팝니다
718,갤럭시탭 S6 wifi (라이트x) 팝니다.
719,[제품상태좋음] 아이패드 프로 4세대 11인치 WIFI + 애플펜슬 2세대 팝니다~
720,아이패드 프로 3세대 11인치 64G 스그 특S급+펜슬2세대 풀박스 배터리효율 100%
721,갤탭 S6 LTE 128g 팝니다.
722,아마존 파이어 hd 8 plus 새제품 팝니다
723,"갤럭시 탭S6 LTE128기가 자급제, 정품 키보드 커버 팝니다."
724,아이패드 8세대 32기가 와이파이 38만원
725,갤럭시 탭 s pro 팝니다.
726,(미개봉)아이패드 에어4 Wi-Fi 256GB 로즈골드팝니다.
727,갤럭시탭S6 LTE 정품케이스포함
728,(미개봉) 아이패드 프로4세대 12.9인치 셀룰러 실버팝니다
729,갤럭시 S6 lite 64기가 wifi 모델 구매시기 6개월전
730,갤럭시탭s6LTE 128기가 자급제 정품 키보드커버 팝니다.
731,갤럭시탭 s7+ 와이파이
732,아이패드 프로4 128 wifi 풀박 에케플 팔아요~
733,아이패드 프로 2세대 256gb 셀룰러 팔아요! [애플펜슬 포함]
734,아이패드3세대 12.9/256기가 wifi모델팝니다.
735,아이패드 프로 4세대 11인치 128g wifi 스그 팝니다
736,갤럭시탭A 8.0 (2017) 모델 팝니다
737,아이패드 에어4 64기가 wifi 미개봉 스카이블루 팝니다
738,아이패드 프로 4세대 11인치 128g wifi 스그 팝니다
739,[판매완료]갤럭시 탭e 블랙(LTE버전) 팝니다.
740,아이패드 프로3세대 12.9 셀룰러 팝니다
741,액정깨진 신티크 논터치 프로 23인치 팔아요
742,갤럭시 탭A 10.1(SM-T510)팝니다 (케이스/강화필름O)
743,아이패드 프로4세대 12.9형 128기가 와이파이+애플펜슬 팝니다
744,아이패드 에어4 64GB wifi 스페이스그레이 팝니다
745,갤럭시 탭 A7 galaxy tab A7 단순개봉 25만원에 팝니다.
746,아이패드8세대 그레이 32기가 wifi 38만원 팝니다
747,서피스프로 5 팝니다 -판매완료
748,아이패드프로4세대 11 128wfi 애케플 팔아요
749,[미개봉 새상품] 아이패드 에어 4세대 Wifi 스페이스그레이 256GB 팝니다!
750,아이패드 에어 4세대 10.9 256g Wifi 팝니다
751,아이패드프로2세대 64기가 풀박스 + 애플펜슬
752,아이패드에어3 64 셀룰러 로즈골드 팝니다.
753,갤럭시탭S7+ 256GB wifi 미스틱브론즈 미개봉 팝니다
754,아이패드 m1 5세대 12.9 셀룰러 128gb 스페이스 그레이
755,아이패드프로 3세대 64gb 셀룰러 애플펜슬2 키보드 풀셋 팝니다
756,아이패드 에어3 256G Wifi 팝니다
757,아이패드 프로 4세대 11인치 128G 스그 와이파이 팝니다
758,"(미개봉,개인)아이패드 5세대 12.9인치 256기가 셀룰러 스그 모델팝니다 160만"
759,[SS급]아이패드 프로 4세대 12.9 256g 셀룰러 팝니다
760,갤럭시탭 s7+ lte 85에팝니다
761,아이패드 6세대 128g 스그 +애플펜슬(펜촉여분있음) 풀박 팝니다
762,아이패드 프로 4세대 12.9형 1TB+애플펜슬 2세대팝니다.
763,아이패드 에어3 (256기가)+ 애플펜슬 팝니다
764,갤럭시탭s7플러스 256g(키보드포함) 팝니다.
765,아이패드 에어 4세대 10.9 256g Wifi 팝니다
766,아이패드프로2세대 64기가 풀박스 + 애플펜슬
767,아이패드에어3 64 셀룰러 로즈골드 팝니다.
768,갤럭시탭S7+ 256GB wifi 미스틱브론즈 미개봉 팝니다
769,아이패드 m1 5세대 12.9 셀룰러 128gb 스페이스 그레이
770,아이패드프로 3세대 64gb 셀룰러 애플펜슬2 키보드 풀셋 팝니다
771,아이패드 에어3 256G Wifi 팝니다
772,아이패드 프로 4세대 11인치 128G 스그 와이파이 팝니다
773,"(미개봉,개인)아이패드 5세대 12.9인치 256기가 셀룰러 스그 모델팝니다 160만"
774,[SS급]아이패드 프로 4세대 12.9 256g 셀룰러 팝니다
775,갤럭시탭 s7+ lte 85에팝니다
776,아이패드 6세대 128g 스그 +애플펜슬(펜촉여분있음) 풀박 팝니다
777,아이패드 프로 4세대 12.9형 1TB+애플펜슬 2세대팝니다.
778,아이패드 에어3 (256기가)+ 애플펜슬 팝니다
779,갤럭시탭s7플러스 256g(키보드포함) 팝니다.
780,애플펜슬2 신품 팝니다.
781,아이패드6 128GB 와이파이 30만원에 팝니다
782,리퍼 아이패드 프로 4세대 12.9 128G 팝니다
783,아이패드 에어3 스페이스그레이풀박 43에 팝니다
784,아이패드5세대128기가 와이파이팝니다
785,[팝니다] 아이패드미니5 골드 셀룰러 64G S급 팝니다
786,아이패드미니5 64g wifi+cellular팝니다(애플케어 가입)
787,아이패드 프로 4세대 11인치 256기가 셀룰러 스그 팝니다. 애케플 적용
788,아이패드 에어3 (펜슬포함) 64G 팝니다 S급
789,아이패드 8세대 wifi 32GB 팝니다
790,고장난 애플펜슬 1세대(단품)
791,아이패드 에어3 와이파이64gb 스페이스 그레이 에케플
792,아이패드프로2세대 64기가 풀박스 + 애플펜슬
793,갤럭시탭s7 셀롤러 256블랙팝니다
794,아이패드 프로 11형 3세대 128G wifi 실버 미개봉 새제품 팝니다.
795,아이패드 에어 셀룰러 256
796,UG-16W액정 타블렛
797,lg 탭북 lg10t36 팝니다
798,아이패드 에어 4세대
799,아이패드 미니5 wifi 64gb 스페이스그레이 팝니다
800,갤럭시탭 s4 64기가lte
801,갤럭시탭s7 256gb 셀롤러 팝니다
802,(미개봉)아이패드 4세대 12.9인치 128기가 스페이스그레이 와이파이 모델 98만원에 팝니다
803,아이패드 프로 11형 3세대 M1칩 (신모델)
804,갤럭시탭s7 lte 256블랙팝니다
805,부산 아이패드 프로 4세대 12.9 셀룰러 256 미개봉 새상품 스페이스그레이
806,갤럭시탭s7 lte 256 팜
807,아이패드 프로4 세대 셀룰러 11인치 스그 128gb + 스폴
808,아이패드4 12.9 Wifi 256 실버 에케플 (펜슬x) 팝니다.
809,아이패드 에어3 wifi64 gb 스페이스 그레이 에케플
810,아이패드 6세대 128gb 스그+애플펜슬1세대 팝니다
811,갤럭시탭s7 lte 256기가 팝니다
812,아이패드 에어 셀룰러 팜
813,애플 30핀 USB MFI 케이블 팝니다.
814,(미개봉) 갤럭시탭 s7 wifi 256기가 블랙
815,레노버 탭 m10 팝니다. 새상품
816,아이패드 7세대 128기가 실버 팝니다(팬슬)
817,아이패드 프로 3세대 11인치 와이파이 64기가 팝니다
818,갤럭시탭a팝니다.
819,갤럭시탭S7 11 WIFI 256 미개봉 팝니다
820,아이패드에어4 wifi 64g skyblue
821,아이패드 프로 10.5 512GB wifi 모델 팝니다.
822,갤럭시 탭 S4 256gb LTE자급제 팝니다.
823,아이패드 6세대 32기가 + 애플펜슬 + 로지텍키보드 팝니다
824,아이패드에어3 64기가 셀룰러 애플케어 팝니다
825,아이패드 프로4세대 11인치 박스 풀세트 팝니다.
826,급처) 아이패드 프로 2세대 10.5인치 64Gb+애플펜슬 팝니다~
827,아이패드프로2세대 10.5 64기가 + 애플펜슬
828,미개봉 아이패드 프로 11인치 3세대(M1) wifi 스그 128GB 판매
829,태클라스트 T8 게이밍 태블릿 팝니다
830,아이패드 M1 프로 5세대 12.9 스그 256GB 셀룰러 애케플+
831,레노버 요가탭3 케이스 2개 팝니다.(1만원)
832,아이패드 M1 프로 5세대 12.9 스그 256GB 셀룰러 애케플+
833,아이패드 프로 4세대 11인치 256G 셀룰러 스페이스그레이 팝니다
834,부산 애플펜슬 2세대 팝니다
835,아이패드 M1 프로 5세대 12.9 스그 256GB 셀룰러 애케플+
836,아이패드 M1 프로 5세대 12.9 스그 256GB 셀룰러 애케플+
837,[부산] 갤럭시탭s7 256기가 블랙 와이파이 모델 팝니다.
838,[부산] 갤럭시탭 s7 256기가 블랙 와이파이모델 팝니다.
839,[부산] 갤럭시탭s7 256기가 블랙 와이파이 모델팝니다.
840,아이패드 M1 프로 5세대 - 스그 - 256GB - 셀룰러 - 에케플 +
841,(새상품)갤럭시탭s7 128g wifi제품 팝니다
842,아이패드프로2세대 10.5 / 64g / wifi / 스페이스그레이 + 애플펜슬 팝니다.
843,아이패드미니5 64g wifi 팝니다(미개봉)
844,갤럭시탭s7 lte 256블랙팝니다
845,갤럭시탭 s7 lte 256팝니다
846,아이패드 미니5 wife 64기가 풀박스 풀구성품 스그 31만원에 팝니다.
847,모바일 스튜디오 프로 16인치 2세대 512 팝니다. DTH-W1621H/K0-DX
848,아이패드4 wifi 16GB 팝니다.
849,매직키보드 11인치 판매합니다
850,아이패드 미니 5 64기가 와이파이
851,시크릿 캐릭터 드로잉 드로잉 서적 책 도서
852,"아이패드 프로 5세대 12.9 미개봉128(와파)실버, 개봉 256(셀룰) 스그 팝니다.여의도 거래가능"
853,겔럭시탭A 32기가 팝니다
854,갤럭시탭7플러스 5g 256 브론즈 미개봉팝니다.
855,아이패드 에어2
856,아이패드프로 2세대 10.5 셀룰러 + 아이팬슬 1세대 + 케이스 3개 팝니다.
857,아이패드 미니5 wifi 64GB 풀박스 골드 팝니다.
858,아이패드 프로4세대 11인치 미개봉
859,아이패드5 32기가 와이파이 +블루투스자판기키스킨
860,아이패드 에어3 wifi 64 gb 에케플 스그
861,갤럭시탭s7 lte 256신품급 판매
862,노 트북 디클 D11 사용 거의 안한 것 팝니다
863,갤럭시탭s7 lte 256미스틱블랙
864,갤럭시 탭 s5e lte 64g
865,아이패드 프로 3세대 11인치형 512g wifi 모델 팝니다
866,대구)T505 단순개봉2대 미개봉 1대 팝니다
867,"아이패드 6세대 32g, 애플펜슬 팝니다"
868,(미개봉)아이패드프로4세대12.9 128기가 셀룰러 스페이스그레이팝니다
869,아이패드 프로 4세대 12.9 셀룰러 1TB 스페이스그레이 팝니다
870,대구) t505 (갤럭시 탭 a) 팝니다 (금액 수정 23만원)
871,아이패드에어4 그린 256 기가
872,아이패드 에어4 그린 256기가
873,아이패드 에어4 64GB 66만원 ㅍㅍ
874,갤럭시탭A 10.5 LTE 태블릿 팝니다
875,테클라스크 p80h 개봉만 한 미사용 신품 팝니다
876,"갤럭시탭S7 11 WIFI 256 미개봉 팝니다700,000원"
877,갤럭시탭 s7 lte 256팝니다
878,아이패드 프로 4세대 12.9 셀룰러 128기가 애플펜슬 2세대 팝니다
879,아이패드 8세대 128g wifi 버전 팝니다 미개봉!
880,아이패드 프로 M1 11인치 3세대 128gb wifi 미개봉 팝니다. 86만 8천원
881,맥북에어 m1 기본형 실버 팝니다
882,애플 아이패드 프로 11 3세대 Wi-Fi + 셀룰러 1TB
883,갤럭시탭 s5e 64g 팝니다(대구)
884,갤럭시탭E 8.0 LTE A~B급 팝니다.
885,아이패드 에어 4세대 10.9 256g Wifi 팝니다
886,아이패드 프로 12.9 2세대 64g + 애플펜슬 팝니다 45만
887,"와콤 신티크 16 DTK-1660 판매합니다(박스O, 90퍼 새거)"
888,아이패드 에어4세대 wifi 256기가 미개봉 팝니다
889,아이패드 프로 4세대 11인치 128gb wifi + 애플펜슬 2세대 팝니다
890,아이패드 에어4 64 와이파이 s급 팝니다
891,아이패드 프로 4세대 11인치 128gb wifi + 애플펜슬 2세대
892,갤럭시탭 A 2019 10.1
893,아이패드 4세대 1tb 셀룰러+애플케어+매직키보드+애플펜슬 판매합니다
894,갤럭시탭 S6 Lite용 힐링쉴드 종이질감 필름 + 그레이 북커버 새제품 팝니다
895,아이패드 미니 4 셀룰러 32 gb
896,아이패드 프로4세대 12.9 셀룰러 128기가 애플펜슬 2세대 팝니다
897,아이패드 프로 3세대 12.9 64G 셀룰러 팝니다 상태좋음
898,아이패드 프로 4세대 11인치 셀룰러 팝니다
899,아이패드 프로 3세대 11인치 64기가 풀박스!! 판매!!
900,아이패드 6세대 128GB wifi모델 스페이스 그레이 + 애플펜슬 팝니다
901,갤럭시탭 s4 lte64기가 sss급 팝니다
902,판매완료.
903,아이패드 에어4 셀룰러 64g 세트로 팝니다
904,LG 프리티비 레노버요가탭 풀박스 거의새상품 팝니다 태블릿
905,갤럭시 탭 s7+ LTE 256GB 팔아요
906,"(미개봉, 새상품)아이패드 5세대 12.9인치 512기가 셀룰러 스그 모델팝니다"
907,광주)아이패드 미니5 64기가 와이파이버전 판매
908,와콤 WACOM INTUOS 펜 타블렛 PTH-651/K
909,(미개봉) 갤럭시탭 S7플러스(S7+) lte 자급제 256gb 실버
910,아이패드 프로2세대 10.5인치 256G lte 셀룰러 모델 팝니다
911,갤럭시 S6 탭 LITE 128GB 팝니다.
912,아이패드 프로 12.9 4세대 512GB 스페이스 그레이 wi-fi 팝니다 완전 새제품
913,갤럭시탭a10.1
914,아이패드 에어 3 와이파이/256g팝니다
915,아이패드 6세대 128GB wifi모델 스페이스 그레이 + 애플펜슬 팝니다
916,갤럭시탭 s4 lte64기가 sss급 팝니다
917,판매완료.
918,아이패드 에어4 셀룰러 64g 세트로 팝니다
919,LG 프리티비 레노버요가탭 풀박스 거의새상품 팝니다 태블릿
920,갤럭시 탭 s7+ LTE 256GB 팔아요
921,"(미개봉, 새상품)아이패드 5세대 12.9인치 512기가 셀룰러 스그 모델팝니다"
922,광주)아이패드 미니5 64기가 와이파이버전 판매
923,와콤 WACOM INTUOS 펜 타블렛 PTH-651/K
924,(미개봉) 갤럭시탭 S7플러스(S7+) lte 자급제 256gb 실버
925,아이패드 프로2세대 10.5인치 256G lte 셀룰러 모델 팝니다
926,갤럭시 S6 탭 LITE 128GB 팝니다.
927,아이패드 프로 12.9 4세대 512GB 스페이스 그레이 wi-fi 팝니다 완전 새제품
928,갤럭시탭a10.1
929,아이패드 에어 3 와이파이/256g팝니다
930,이북리더기 코보 오라수1. 카르타플러스
931,"아이패드 프로2세대(4세대)256GB,스마트키보드,펜슬팝니다."
932,아이패드 3세대 11인치 256기가 팝니다 +스마트 폴리오 팝니다
933,아이패드프로1세대 9.7 (정품키보드펜슬포함)팝니다
934,상태좋은 아이패드7세대+애플펜슬 팝니다.
935,탭s6 128gb LTE A급 + 정품 키보드 케이스 50만원 팝니다
936,"19만원/ 뇌새김 (워드 프리미엄, 토크, 토익스피킹)"
937,아이패드 프로5 M1 12.9 인치 128GB WIFI 모델 팝니다 스페이스 그레이!
938,갤럭시 노트 10.1 10만원
939,아이패드7세대 32기가+키보드+펜슬 팝니다
940,아이패드 프로3 12.9 셀룰러(애케플)
941,갤럭시탭s5e wifi 128g + 정품 키보드 케이스 팝니다.
942,용인) G4560 / 8GB / GT730 본체팝니다
943,"아이패드 프로2세대(4세대)256GB,애플펜슬,스마트키보드 팝니다."
944,태블릿 레노버 요가2프로 +빔프로젝터
945,급처 미개봉 갤탭5e lte 128 팝니다 가격제시해주세요
946,갤럭시탭s7fe 미스틱그린 64g 팝니다!!!!
947,아이패드 프로 4세대 와이파이버전 1tb 팝니다
948,아이패드 7세대 32g 셀룰러 팝니다
949,[판매완료] LG 지패드5 10.1 LTE 태블릿 박스세트 팝니다(G패드)
950,[가격인하] 아이패드 에어 3세대 로즈골드 wifi 64g+ 에플펜슬 1세대 팝니다.
951,"뉴아이패드 5세대, 32기가, 실버"
952,갤럭시 탭4 어드벤스 팝니다
953,갤럭시탭 S2 + 키보드 + 마우스 + 마우스 패드 ㅍㅍㅍㅍ
954,아이패드 미니5 wifi 64기가 팝니다
955,"아이패드 프로2세대(4세대)256GB,스마트키보드,펜슬 팝니다."
956,아이패드 프로 11인치 128기가 3세대 m1칩 와이파이 미개봉 팝니다
957,와콤태블릿 펠트 페큰심 ack20003 세개 15000원에 팝니다
958,"아이패드 6세대, 애플펜슬1세대 팝니다 32g wifi"
959,(미개봉)아이패드 프로 5세대 스그 셀룰러 팝니다
960,LG G Pad 8.0 32gb 새제품팝니다
961,아이패드 3세대 11인치 256기가 + 폴리오 키보드 판매합니다.
962,아이패드 에어 1세대 32기가 와이파이 실버
963,와콤 ctl-490 팝니다
964,지패드10.1 wife lm605 팝니다
965,아이패드 프로2 12.9 셀룰러 64기가 팝니다.
966,겔럭시 탭 S5E LTE 64gb팝니다
967,아이패드 미니5 256기가 와이파이 골드 팝니다
968,아이패드 프로 4세대 12.9 스그 셀룰러 128기가+펜슬+애케플
969,"아이패드 프로2세대(4세대)256GB 스마트키보드,펜슬 팝니다"
970,아이패드프로 3세대 + 스마트키보드폴리오 + 스마트폴리오 등 풀구성품 팝니다
971,아이패드 미니5 256gb 와이파이 스페이스 그레이 팝니다
972,아이패드6세대 32gb + 애플펜슬 1세대
973,아이패드 프로 3세대 12.9 셀룰러 64g 스그 팝니다(애플펜슬 포함)
974,"아이패드 프로 2세대(4세대)256GB,스마트키보드,펜슬팝니다."
975,아이패드 프로 3세대 11인치(256기가) + 스마트 키보드 팝니다
976,아이패드 프로 2세대 12.9인치 스페이스그레이 256GB 팝니다 (애플펜슬 1세대 포함)
977,아이패드 프로 2세대 10.5인치 풀세트 팝니다.
978,아이패드 프로 12.9 128기가 Wifi+셀룰러 (애케플) + 애플펜슬2
979,아이패드6세대 wifi 128gb + 애플팬슬 팝니다
980,아이패드 프로4 12.9 128GB 박스셋 새제품 급
981,Bamboo펜 팔아요
982,패드팝니다
983,갤럭시탭s4 lte 256g팝니다
984,미디어패드 M5 팝니다
985,미디어패드 M5 팝니다
986,아이패드프로3세대 스그 와이파이 11인치 64기가 팝니다
987,갤럭시탭S6lite lte 64G 팝니다
988,갤럭시탭s4 lte 256g팝니다
989,베이크 a15 pro 펜 타블렛
990,갤럭시탭 s7+ 실버 WIFI256 (sm-t970) 팝니다.
991,아이패드 미니 64GB WIFI SSS+급 팝니다!
992,애플펜슬 1세대 팝니다
993,상태좋은 아이패드7세대+애플펜슬 팝니다.
994,아이패드 프로 4세대 12.9 wifi 128gb 애플펜슬 2세대 애케플 거의 새것 풀박스 팝니다
995,"아이패드 프로 11형2세대(4세대)WiFi전용 256GB 팝니다.키보드,펜슬 같이팔아요"
996,아이패드미니5 256기가 와이파이 셀룰러 팝니다:)
997,광주) 가격 내림 아이패드 미니5 와이파이 64기가 싸게 판매합니다.
998,아이패드프로 12.9 3세대 셀룰러+Wifi 512GB 팝니다.
999,아이패드 프로 2세대 10.5 wifi 256기가 스그 + 애플펜슬 팝니다
1000,아이패드미니5 wifi 256g 팝니다.
1001,아이패드 프로 4세대 11인치 128G 셀룰러 애케플 팝니다
1002,갤럭시뷰 18.4 거의새거팝니다
1003,"아이패드 프로 1세대 9.7인치 스페이스그레이 128기가 wifi , 애플펜슬1세대 팝니다."
1004,판매완료 아이패드에어 4세대 256기가 wifi 미개봉 새거
1005,미개봉)대구)실버 아이패드프로 5세대(m1)12.9 128기가 와이파이 실버팝니다.
1006,애플 펜슬 2세대 팝니다.
1007,아이패드프로2세대 10.5인치 256gb셀룰러 팝니다
1008,아이패드 프로 4세대 12.9인치 와이파이+셀룰러 256gb 스그 +애플펜슬2세대 팝니다
1009,델베뉴11프로 팝니다 dell venue 11 pro
1010,아이패드 에어4 셀룰러 256GB 팝니다(팬슬 포함)
1011,Ps4 캡틴 츠바사 북미판 중고 팝니다.
1012,갤럭시 s6 wifi 128g 마운틴 그레이+라미펜 팝니다
1013,갤럭시탭s4 팝니다
1014,아이패드 에어 4세대 lte 64g 애플그린 팝니다
1015,아이패드 2세대 팝니다
1016,아이패드 프로 11형2세대(4세대)WiFi전용256GB팝니다
1017,갤럭시탭s6lite lte 64G 팝니다.
1018,(미개봉) 갤럭시탭 S7플러스(S7+) LTE 256gb 실버
1019,갤럭시탭 m380w팝니다
1020,"(가격내림,급처) SSS급 갤럭시탭s6 lite 128gb(7월7일 구매) 구성 모두 일괄 판매합니다."
1021,아이패드 프로2 10.5 와이파이형 256기가 스그 팝니다 (애플펜슬 포함)
1022,갤럭시탭s6lite lte 64G 팝니다.
1023,<마지막 가격 인하> 아이패드 프로 4세대 11인치 스페이스 그레이 128GB Wi-Fi (7월까지 판매)
1024,레노버 탭2 A10 - 70 팝니다/ QR코드 태블릿으로도 좋ㅏ요.
1025,아이패드 프로 9.7 셀룰러 팝니다. + 펜슬
1026,갤럭시탭 s7 와이파이 팝니다
1027,아이패드 프로 3세대 11인치 256기가 wifi 외 케이스 포함해서 팝니다
1028,아이패드 8세대 128기가와이파이용 + 애플 펜슬 팔아요
1029,서피스 프로6 i5 128G 8G 팝니다.
1030,아이패드 프로 2 10.5 와이파이형 256기가 스그 팝니다 (애플펜슬 포함)
1031,신티크 22 팝니다
1032,아이패드에어4 256G 와이파이 실버모델 60만원에 팝니다
1033,갤럭시노트10.1 wifi 16gb 팝니다
1034,갤럭시탭E(sm-375l)팝니다.
1035,아이패드프로4세대 11인치 128기가 셀룰러+와이파이 스페이스그레이
1036,아이패드 프로3세대 12.9인치 256기가 셀룰러모델
1037,"아이패드2 구형 64g, MP450 도킹 스피커 같이팝니다"
1038,아이패드 에어 3세대 64GB 실버 10.5 셀룰러 + 애플팬슬 1세대 팝니다.
1039,갤럭시 탭4 10.1 32GB 어드밴스 SM-T536 중고 상태좋은 제품팝니다.
1040,아이패드프로 11인치 wifi모델 팝니다.
1041,리페삼 (루팅) 팝니다
1042,SM-T505 3대팝니다
1043,아이패드 프로 3 11형 64g 셀룰러팝니다.
1044,갤럭시탭s5e wifi 64G 그레이 미개봉 팝니다.
1045,"아이패드 프로 1세대 9.7 128GB WIFI (케이스, 애플펜슬, 키보드, 풀박스) 팝니다."
1046,아이패드 에어3+애플 정품 키보드+스벅 방탄bts파우치 팝니다.
1047,아이패드 7세대 32gb + 애플펜슬 1세대
1048,아이패드6세대 wifi 128기가 로즈골드 팝니다
1049,아이패드5세대32기가 와이파이 팔아요
1050,아이패드2 부품용 팝니다.
1051,갤럭시탭s7 플러스 256 lte 팝니다
1052,갤럭시 탭 a7 lite lte 미개봉 팝니다
1053,삼성 갤럭시북 SM-W620NZKFKOO
1054,삼성 갤럭시탭 s7플러스 자급제 팝니다
1055,"아이패드 에어3 (64기가,wifi,배터리타임91%) 스마트키보드, 애플펜슬 1세대 풀박스로 판매합니다.(가격내림)"
1056,갤럭시탭S6 128g 셀룰러 클라우드블루 + 정품케이스(20만원) 포함 팝니다.
1057,아이패드 에어2 셀룰러 64GB
1058,아이패드 프로 3세대 12.9 64기가 셀룰러 에플케어플러스
1059,아이패드4세대프로 12.9인치팝니다
1060,아이패드 에어1 64GB 팝니다
1061,갤럭시탭7 와이파이 128G S급 싸게 팔아요 (인천 개인)
1062,"아이패드 에어3 싸게 팝니다.(기스없음,S급) 530,000"
1063,갤럭시탭 s7플러스 lte 256기가 실버색상 팝니다
1064,아이패드 프로4 11인치 128G wifi 팝니다.
1065,아이패드2 부품용 팝니다.
1066,갤럭시탭s7 플러스 256 lte 팝니다
1067,갤럭시 탭 a7 lite lte 미개봉 팝니다
1068,삼성 갤럭시북 SM-W620NZKFKOO
1069,삼성 갤럭시탭 s7플러스 자급제 팝니다
1070,"아이패드 에어3 (64기가,wifi,배터리타임91%) 스마트키보드, 애플펜슬 1세대 풀박스로 판매합니다.(가격내림)"
1071,갤럭시탭S6 128g 셀룰러 클라우드블루 + 정품케이스(20만원) 포함 팝니다.
1072,아이패드 에어2 셀룰러 64GB
1073,아이패드 프로 3세대 12.9 64기가 셀룰러 에플케어플러스
1074,아이패드4세대프로 12.9인치팝니다
1075,아이패드 에어1 64GB 팝니다
1076,갤럭시탭7 와이파이 128G S급 싸게 팔아요 (인천 개인)
1077,"아이패드 에어3 싸게 팝니다.(기스없음,S급) 530,000"
1078,갤럭시탭 s7플러스 lte 256기가 실버색상 팝니다
1079,아이패드 프로4 11인치 128G wifi 팝니다.
1080,아이패드4세대12.9 팝니다
1081,갤럭시탭 s7 fe 128gb 블랙 팝니다.
1082,갤럭시탭s7플러스 lte 256 팝니다
1083,아이패드 프로 10.5 wifi 256G s급 판매
1084,아이패드 프로 3세대 11인치 256GB wifi 팝니다.
1085,업무용으로 쓰던 태블릿 pc 2대 묶어서 팝니다 sm-p605s
1086,"뮤패드( T10/10.1S/10.1MII) 부품용 (액정 및 메인보드 사용 가능) 일괄 15,000원 팝니다."
1087,갤럭시 탭 S5e 64GB LTE모델
1088,"iPad 6세대 (골드 , Wi-Fi / 32GB ) 박스 0 팝니다"
1089,하프스터디 SMT-720 팝니다
1090,갤럭시탭 s6 lte모델 128GB 팝니다
1091,아이패드 프로 10.5 256g 셀룰러
1092,아이패드 미니5 와이파이 64기가 실버 팝니다 풀박스 배터리효율 100%
1093,갤럭시탭a (2016) 10.1 32g 화이트
1094,아이패드 미니5 256Gb 샐룰러 팝니다.
1095,아이패드7세대 128기가 스페이스그레이 직거래
1096,SS급 아이패드 에어4 + 애플펜슬 2세대 팝니다.
1097,갤럭시탭s3 팝니다 수원지역
1098,"[부산,창원] 아이패드프로2세대 10.5 256기가 셀룰러(애케플22.3월까지) + 애플펜슬1세대"
1099,"(경남 창원)아이패드프르 2세대 256GB스페이스그레이,스마트키보드,펜슬 팝니다 상태 최상입니다!"
1100,애플 아이패드 에어 4세대 wifi 256기가 팝니다.
1101,아이패드 프로 5세대 m1 미개봉 저렴하게 팝니당
1102,아이패드에어1세대 64기가 스페이스 그레이 wifi-셀룰러 팝니다
1103,아이패드 프로11 4세대 128g (애플케어플러스o) 팝니다
1104,아이패드 프로 4세대 12.9인치 128g wifi 스그 미개봉 팝니다.
1105,"아이패드 프로 4세대 11인치 셀룰러 (애플케어플러스, 애플펜슬 등 포함)"
1106,"아이패드12.9 4세대 , 256GB + 애플 정품 펜슬 2세대"
1107,아이패드 프로2세대 256GB wi fi모델팝니다
1108,레노버 P11 프로 스코코 올레포빅 필름 팝니다
1109,갤럭시 탭S7 미개봉 새제품 SM-T875NZKNKOO 128기가 미스티블랙 LTE
1110,아이패드미니5 64GB Wi-Fi 팝니다.
1111,갤럭시탭A7 거의미사용급 64gb wifi버전 팝니다
1112,박스풀셋 LG G패드4 P530 S급 팝니다(분실X 도난X 25%약정가능)
1113,아이패드 미니2 셀룰러 32 그레이 색상 팝니다.
1114,아이패드 미미5 스그 wife 64 팝니다
1115,아이패드 에어4 신품팝니다
1116,갤럭시탭s7 wifi 256G 블랙 팝니다
1117,(다 드림) 아이패드 6세대 128G + 애플펜슬 + @ 세트로 팝니다.
1118,아이패드미니1세대구형팝니다 전주직거래
1119,아이패드5세대 12.9 512 모델 팝니다 [꿀매]
1120,"갤럭시탭 S7 실버 128G WIFI 팝니다(라미펜, 정품 키보드 케이스, 종이질감 필름 부착)"
1121,아이패드 프로 4세대 128기가 11인치 WIFI용 애플케어 × 하자× 상태S급
1122,삼성 갤럭시탭. SM-530 팝니다
1123,아이패드 프로 4세대 12.9 셀룰러 512GB 스페이스그레이 팝니다
1124,광주)아이패드 미니5 64기가 와이버전 싸게 판매합니다
1125,갤럭시 탭 s6 128GB 팝니다 (애누리 가능)(lite 아님)
1126,아이패드5세대 256 m1칩 미개봉 팝니다
1127,"서피스 프로3,4독 팝니다"
1128,아이패드프로 2세대 셀룰러 256기가+애플펜슬
1129,"아이패드프로 4세대 12,9인치 128기가 셀룰러 팝니다."
1130,갤럭시탭4 팝니다
1131,아이패드 프로 2세대 12.9 팝니다
1132,아니패드 6세대 7세대 팝니다
1133,갤럭시북s 팝니다
1134,갤럭시 탭 s7 lte 256gb 미스틱블랙+북커버 팝니다
1135,아이패드 프로 3세대 12.9 256
1136,아이패드 에어3 팝니다~
1137,아이패드 프로 3세대 64기가 팝니다~!(셀룰러)
1138,"아이패드 에어4 64기가 와이파이 팝니다. 트랙패드 키보드 케이스 + 짭슬팬슬 포함 (08/15 쿠팡으로 구매했던 제품이고, 실제 사용x.)"
1139,(서울) 아이패드 프로 4세대 12.9 512기가 와이파이 팝니다.
1140,아이패드 프로 12.9 3세대 512기가 lte 리퍼후 미사용
1141,삼성 A50s 듀얼심폰 팝니다
1142,아이패드 에어2 실버 판매팝니다
1143,아이패드프로12.9인치 와팬팝니다
1144,아이패드 프로 12.9 4세대 256 셀룰러 스페이스 그레이(구성품 미사용) 팝니다.
1145,아이패드 프로 11형 3세대 512g + 매직키보드 + 애플팬슬2세대
1146,아이패드 프로 4세대 512기가 와이파이 모델 팝니다
1147,아이패드 8세대 32gb 와이파이 태블릿 팝니다
1148,갤럭시 탭 a 팝니다~
1149,갤럭시S7플러스5G 256GB 미스틱브론즈 색상 팝니다
1150,갤럭시탭S2 32 LTE 팝니다(태블릿)
1151,아이패드 에어4 11 (10.9)인치 스페이스 그레이 64GB 와이파이 WIFI 팝니다
1152,아이패드6 32GB 애플펜슬 팝니다
1153,컴퓨터 본체와 모니터키보드팔아봅니다
1154,"서피스 프로4 ,프로독 팝니다.(개당구매가능)"
1155,아이패드 M1 프로 11인치 3세대 128G 셀룰러 자급제 스페이스 그레이 + 애플팬슬 2세대 + 슈피겐 케이스 팝니다
1156,[부산] 아이패드에어3 wifi 스그 풀박스 팝니다 애케플 있음
1157,아이패드프로4 12.9 256g wifi 팝니다.
1158,아이패드 프로 4세대 애케플 11인치 셀룰러 스그 512 팝니다.
1159,아이패드 프로 4세대 애케플 11인치 셀룰러 스그 512 팝니다.
1160,급처 미개봉 갤5e lte128 실버 팝니다
1161,삼성 갤럭시 탭4
1162,갤럭시 탭s7 256gb wifi
1163,미개봉)아이패드 프로 11형 3세대 m1 wifi 256GB 스페이스 그레이 팝니다
1164,갤럭시탭 8.0 팝니다
1165,갤럭시탭 S7 128기가 미스틱실버 와이파이
1166,아이패드프로 11인치 3세대용 키보드마우스 팝니다
1167,아이패드 에어1 셀룰러 32GB 상태좋은 풀박스 팝니다. 대전/천안
1168,아이패드 5세대 12.9 와이파이용 256Gb미개봉 120만원팝니다.
1169,"서피스 4프로(윈10),도킹스테이션,터치펜,키패드포함"
1170,갤럭시탭 s7 와이파이 모델 128기가 블랙 색상
1171,갤럭시탭S7플러스5G 미스틱브론즈 팝니다
1172,아이패드 5세대 12.9 와이파이모델 팝니다 스페이스그레이
1173,아이패드6세대 128G 와이파이 풀박스 판매합니다
1174,아이뮤즈 레볼루션 a10(키보드포함)
1175,"아이패드 프로 4세대 12.9 셀룰러 128g(애케플, 풀박, 상태 최상) 팝니다"
1176,아이패드 에어4 11 (10.9)인치 스페이스 그레이 64GB 와이파이 WIFI 팝니다
1177,[대전직거래만 가능] 아이패드 4세대 11인치형 팝니다(셀룰러)
1178,"아이패드 7세대 32GB 스페이스 그레이 팝니다(풀박, 애플펜슬 1세대 포함)-가격내림"
1179,아이패드 프로 3세대 12.9인치 256g WIFI팝니다
1180,아이패드 프로3세대 부품용12.9/256gb/셀룰러
1181,아이패드 에어 4세대 64 wifi 미개봉 상품 팝니다.
1182,화웨이 메이트북 M5 8G/256G 팝니다 상태 S급
1183,아이패드 미니 5세대 팝니다 wifi 64GB
1184,탭 a6 t580 싸게팝니다
1185,광주광역시) 아이패드 미니5 64기가 와이파이 싸게 판매합니다
1186,아이패드프로 2세대 10.5인치 64기가 wifi 로즈골드 팝니다..
1187,아이패드 프로5 12.9 256스그 wifi 미개봉 팝니다
1188,아이패드3 팝니다.
1189,아이패드프로5 12.9 256 wifi(애케플o)+매직 키보드2+펜슬
1190,갤럭시 탭 S5e lte 팝니다
1191,판매완료(부산) 아이패드에어4 wifi 64G 미개봉 새 상품 팝니다
1192,아이패드 프로 5세대 12.9인치 256g 스그 셀룰러 자급제 미개봉 팝니다
1193,g패드5 10.1 팝니다
1194,아이패드 프로 4세대 와이파이 512g 130에 팝니다
1195,뉴아이패드(MD329KH)팝니다 WIFI 32G
1196,아이패드 프로 3세대 12.9 셀룰러 + 애플펜슬 + 애플케어 + 오터박스 케이스 풀세트 팝니다
1197,갤럭시캡e 8.0팝니다
1198,아이패드 미니 64GB 와이파이 팝니다!
1199,갤럭시탭s6 lte 128gb 팝니다
1200,아이패드프로5세대 12.9 512 스페이스그레이 자급제 셀룰러
1201,갤럭시탭 어드밴스2
1202,아이패드프로 5세대 12.9인치 256G wifi 팝니다
1203,아이패드 4세대 wifi 12.9인치 256GB (에플팬슬 포함) 팝니다.
1204,교원 KA-E410W 올앤지 태블릿
1205,짭플팬슬 서피스펜촉 호환버전
1206,아이패드 프로 12.9 lte 스그 256g 미개봉 새상품 판매합니다
1207,8인치 태블릿 팝니다. 9만원. 경남 창원. 내비 전자책.새제품.
1208,아이패드 프로 5세대 12.9형 128GB 와이파이+셀룰러 스페이스그레이 미개봉 팝니다
1209,아이패드프로4세대 12.9셀룰러+애플펜슬2세대
1210,[팝니다] 갤럭시탭S6 256GB Wifi 마운틴그레이 (자급제) 풀박스 + 정품 북커버 팝니다. SM-T860N
1211,"디클 탭 라이브 10.1 (보드 교환 후 사용 가능) 20,000원 팝니다."
1212,갤럭시노트 10.1 2014년 에디션 팝니다
1213,아이패드 11형 128gb wifi +셀룰러 팝니다
1214,아이패드 7세대 (32gb 실버) A급 팝니다
1215,아이패드프로5세대 12.9 512 스페이스그레이 자급제 셀룰러
1216,갤럭시탭 어드밴스2
1217,아이패드프로 5세대 12.9인치 256G wifi 팝니다
1218,아이패드 4세대 wifi 12.9인치 256GB (에플팬슬 포함) 팝니다.
1219,교원 KA-E410W 올앤지 태블릿
1220,짭플팬슬 서피스펜촉 호환버전
1221,아이패드 프로 12.9 lte 스그 256g 미개봉 새상품 판매합니다
1222,8인치 태블릿 팝니다. 9만원. 경남 창원. 내비 전자책.새제품.
1223,아이패드 프로 5세대 12.9형 128GB 와이파이+셀룰러 스페이스그레이 미개봉 팝니다
1224,아이패드프로4세대 12.9셀룰러+애플펜슬2세대
1225,[팝니다] 갤럭시탭S6 256GB Wifi 마운틴그레이 (자급제) 풀박스 + 정품 북커버 팝니다. SM-T860N
1226,"디클 탭 라이브 10.1 (보드 교환 후 사용 가능) 20,000원 팝니다."
1227,갤럭시노트 10.1 2014년 에디션 팝니다
1228,아이패드 11형 128gb wifi +셀룰러 팝니다
1229,아이패드 7세대 (32gb 실버) A급 팝니다
1230,아이패드프로4세대 12.9형 256 셀룰러 LTE + 애플펜슬2 일괄판매 합니다.
1231,"[판매완료]오닉스 포크2 이북리더기 풀박스,케이스,리모컨"
1232,아이패드 프로5세대 (M1) 12.9인치 Wifi 256G 스페이스 그레이 팝니다.
1233,구형아이패드 tv 모니터연결잭팝니다
1234,샤오미패드5 정발 미개봉 팝니다.
1235,맥북 과 아이패드 팝니다
1236,"아이패드6세대 셀룰러 128기가, 펜슬 1세대 팝니다(박스풀)"
1237,뉴 아이패드 (A1460) 4세대 32G Lte 팝니다
1238,LG 지패드5 10.1 LTE 32기가 (LMT600) 팝니다(18만)
1239,아이패드 에어3 64기가 wifi
1240,아이패드2 팝니다
1241,삼성 태블릿팝니다. 학습용 가능
1242,화웨이 M2 팝니다.
1243,아이패드 프로 11인치 2세대 (2020) 128GB 셀룰러 스페이스그레이 + 매직키보드케이스 팝니다.
1244,갤럭시탭 s6 자급제 lte 256GB 로즈블러쉬 팝니다.
1245,델 7275 키보드 케이스 팝니다
1246,아이패드 미니5 셀룰러 256g / 애플펜슬 1세대 팝니다
1247,갤럭시탭S7 FE LTE 버전 128GB 팝니다.
1248,애플펜슬 1세대 팝니다(풀박)
1249,[풀박]아이패드 프로 4세대 11인치 128GB WI-FI+ 애플펜슬 2세대
1250,애플펜슬1 팝니다
1251,아이패드 6세대 32g wifi 스페이스 그레이 팝니다
1252,갤럭시탭 s7+ 12.4 512 네이비 lte 팝니다(sm-t975n)
1253,아이패드 미니5 실버 팝니다
1254,아이패드프로4세대 11인치 128기가 wifi + 애케플 팝니다
1255,아이패드4세대 11인치 128GB 팝니다.
1256,[아이패드 프로 3세대 wifi 11인치 64G 실버 팝니다.]
1257,[상태 S급] 아이패드 에어3 64g wifi 풀세트 팝니다.(애플펜슬+매직키보드)
1258,"아아패드에어2, 64기가"
1259,아이패드프로 1세대와 펜슬팝니다.
1260,갤럭시탭 s6 lite 액정보호필름 araree(아라리) 팝니다.
1261,아이패드 에어3 64g wifi+애플펜 팝니다
1262,부품용 TECLAST X10HD 3G 팝니다.
1263,아이패드미니5 64기가+에플팬슬팝니다.
1264,아이패드 2세대 10.5 256기가 와이파이 팝니다.
1265,"몬스터헌터 라이즈, 스틸북 팝니다."
1266,갤럭시A7LTE 64GB (sm-505)
1267,갤럭시탭s7 fe 128g 와이파이모델(미개봉)
1268,아이패드 프로 4세대 wifi 12.9(1테라) + 애플펜슬 2세대 팝니다
1269,갤럭시탭 S7 512gb 12g ram lte모델 자급제 풀박스+정품키보드케이스+태블릿거치대 팝니다.
1270,아이패드6세대 WIFI 화이트 32G 팝니다.
1271,아이패드 프로 2세대 스그 10.5형 256GB WI-FI 모델 팝니다. / ipad pro
1272,아이패드 에어 4세대랑 애플펜슬 2세대 팝니다
1273,부품용 와컴 뱀부 잉크 ( Wacom Bamboo INK ) CS321AK 와컴 스타일러스 팝니다
1274,미개봉 새상품 샤오미 미패드5 팝니다
1275,[판매완료] 애플 아이패드 프로 스페이스 그레이 팝니다.
1276,아이패드 5세대 2017 wifi 128g팝니다.
1277,갤럭시탭4 16gb (sm-t530)
1278,갤럭시노트 10.1 2014년 에디션 팝니다
1279,갤럭시탭 s7 128g lte 팝니다 풀박스
1280,와콤 신티크 컨패니언2 풀세트 팝니다. i7 256KB
1281,아이패드 프로 11형 2세대 셀룰러 256 + 애플케어 팝니다
1282,화웨이Be Y패드 팝니다.
1283,Iplay40h 팝니다.
1284,아이패드 에어3 256GB 와이파이+애플펜슬
1285,갤럭시탭 s3부품용 팝니다
1286,(전화/문자가능)비와이패드2팝니다
1287,아이패드 에어3(상태최상)아이패드 에어3+애플펜슬 1세대+애플순정키보드+케이스+풀박 (64GB / wifi)
1288,아이패드에어4 256gb 실버 애플펜슬2 팔아요
1289,아이패드 6세대32기가 wifi 팝니다
1290,아이패드6세대 팝니다.
1291,뇌새김 태블릿 팝니다
1292,아이패드 에어3 팝니다.
1293,아이패드 에어 3 64기가+에플팬슬 1세대
1294,판매완료
1295,아이패드 에어2 실버 판매팝니다.
1296,(인천)아이패드7 32g wifi 팝니다(거래완료)
1297,아이패드 프로 2세대 10.5인치 LTE 실버 256G 팝니다.
1298,아이패드 7세대 스그 32기가 + 정품 애플 키보드 + 애플펜슬 s급 팝니다
1299,갤럭시탭 s5e 128g wifi 팝니다.
1300,아이패드4 레티나 64G 팝니다
1301,아이패드프로4세대 실버 12.9인치 256gb wifi완전 s급 풀세트 팝니다(매직키보드 + 애플펜슬 2세대 포함)
1302,갤럭시탭s7+플러스LTE 512G 램12G 팝니다
1303,아이패드 프로 11인치 1세대 실버 64기가 셀룰러 팔아요
1304,(급처) 아이패드 에어3 골드 64GB Wifi + 애플펜슬 1세대 + 각종 액세서리 팝니다
1305,갤럭시탭s7플러스 정품 키보드 커버 팝니다(2회 사용)
1306,갤럭시 탭 a7 lite lte 미개봉 팝니다
1307,갤럭시탭s7+ 512g 네이비lte팝니다
1308,갤럭시 탭 s7 256기가 lte 블랙
1309,아이패드미니 5
1310,아이패드미니5 256기가 셀룰러 lte 애플케어플러스 팝니다
1311,아이패드프로4세대256기가wifi+매직키보드
1312,아이패드 3세대 12.9 256GB 팝니다
1313,미니 5 256 셀룰러 팝니다
1314,와콤 인튜어스 프로 pth-660
1315,아이패드8세대 32GB wifi 실버 + 애플펜슬 1세대 팝니다.
1316,아이패드 프로4세대 12.9 128 와이파이 팝니다~
1317,갤럭시A 8.0 32G 팝니다!!
1318,"갤럭시탭 S7+ 256gb LTE 팝니다 키보드북커버, 북커버 둘다 드립니다"
1319,아이패드1 (아이패드 진짜 초창기 모델)
1320,갤럭시 탭 a7 lite lte 미개봉 팝니다
1321,리디북스 페이퍼 프로 팝니다
1322,갤럭시탭s6+ 256g Lte 팝니다.
1323,Ipad pro 3세대/keyboard/pencil2세대
1324,아이패드에어3 로즈골드64기가+애플펜슬1세대팝니다
1325,아이패드 미니5 64g 셀롤러 로즈골드 팝니다
1326,갤럭시탭A7 라이트 64GB 미개봉 새상품 팝니다
1327,2017년산 hp태블릿 노트북 팝니다
1328,"아이패드 프로 4세대 11인치 512GB 셀룰러 , 애플케어플러스 ,매직키보드"
1329,아이패드 에어 3 64기가+아이팬슬 1세대
1330,미개봉 써피스프로7 12.3 +블랙타입커버세트 팝니다
1331,[미개봉]애플 아이패드프로11 4세대(2세대) wifi 1Tb 스페이스그레이 / 89.9발에 팝니다.
1332,아이패드 에어 2세대 (WIFI) 64GB (MGKM2KH/A ) 23만원 판매
1333,갤럭시탭 S7 FE 미개봉 미스틱블랙 팝니다.
1334,아이패드 프로4세대 256g 셀룰러+로지텍 폴리오 프로 키보드 팝니다
1335,아이패드프로10.5(2세대) 512g 셀룰러
1336,아이패드6세대 팝니다 WIFI 상태 S+ 입니다.
1337,리디북스 페이퍼 프로 팝니다
1338,(미개봉) 아이패드 프로 12.9형 5세대 M1 WIFI 256G 스페이스그레이 팝니다.
1339,아이패드 에어4 스카이블루 64기가 와이파이 미개봉팝니다
1340,삼성 갤럭시탭 A7 SM-T500N WIFI 64GB 팝니다
1341,(50만원) APPLE 아이패드 7세대 Cellular 128GB (스그) + 키보드 + 케이스
1342,아이패드에어1 32기가 (wifi) + 애플 스마트커버
1343,"아이패드 미니 5세대 64gb, 셀률러, 스그 (애케플, 펜슬, 정품케이스, 박스 포함)"
1344,아이패드 프로 10.5 셀룰러 64gb
1345,아이패드 에어3 스그 64GB WIFI(배터리 94%)+ 애플펜슬 1세대 풀박스 팝니다.
1346,아이패드 미니5 Wifi 256기가 팝니다
1347,아이패드 5세대 셀룰러 128g 골드 팝니다
1348,아이패드 프로 2세대 11인치 128 팝니다
1349,[미개봉]아이패드 프로 4세대 11형 256gb 와이파이
1350,아이패드프로5세대 12.9 512 스페이스그레이 자급제 셀룰러
1351,갤럭시탭 어드밴스2
1352,아이패드프로 5세대 12.9인치 256G wifi 팝니다
1353,아이패드 4세대 wifi 12.9인치 256GB (에플팬슬 포함) 팝니다.
1354,교원 KA-E410W 올앤지 태블릿
1355,짭플팬슬 서피스펜촉 호환버전
1356,아이패드 프로 12.9 lte 스그 256g 미개봉 새상품 판매합니다
1357,8인치 태블릿 팝니다. 9만원. 경남 창원. 내비 전자책.새제품.
1358,아이패드 프로 5세대 12.9형 128GB 와이파이+셀룰러 스페이스그레이 미개봉 팝니다
1359,아이패드프로4세대 12.9셀룰러+애플펜슬2세대
1360,[팝니다] 갤럭시탭S6 256GB Wifi 마운틴그레이 (자급제) 풀박스 + 정품 북커버 팝니다. SM-T860N
1361,"디클 탭 라이브 10.1 (보드 교환 후 사용 가능) 20,000원 팝니다."
1362,갤럭시노트 10.1 2014년 에디션 팝니다
1363,아이패드 11형 128gb wifi +셀룰러 팝니다
1364,아이패드 7세대 (32gb 실버) A급 팝니다
1365,아이패드프로5세대 12.9 512 스페이스그레이 자급제 셀룰러
1366,갤럭시탭 어드밴스2
1367,아이패드프로 5세대 12.9인치 256G wifi 팝니다
1368,아이패드 4세대 wifi 12.9인치 256GB (에플팬슬 포함) 팝니다.
1369,교원 KA-E410W 올앤지 태블릿
1370,짭플팬슬 서피스펜촉 호환버전
1371,아이패드 프로 12.9 lte 스그 256g 미개봉 새상품 판매합니다
1372,8인치 태블릿 팝니다. 9만원. 경남 창원. 내비 전자책.새제품.
1373,아이패드 프로 5세대 12.9형 128GB 와이파이+셀룰러 스페이스그레이 미개봉 팝니다
1374,아이패드프로4세대 12.9셀룰러+애플펜슬2세대
1375,[팝니다] 갤럭시탭S6 256GB Wifi 마운틴그레이 (자급제) 풀박스 + 정품 북커버 팝니다. SM-T860N
1376,"디클 탭 라이브 10.1 (보드 교환 후 사용 가능) 20,000원 팝니다."
1377,갤럭시노트 10.1 2014년 에디션 팝니다
1378,아이패드 11형 128gb wifi +셀룰러 팝니다
1379,아이패드 7세대 (32gb 실버) A급 팝니다
1380,아이패드프로4세대 12.9형 256 셀룰러 LTE + 애플펜슬2 일괄판매 합니다.
1381,"[판매완료]오닉스 포크2 이북리더기 풀박스,케이스,리모컨"
1382,아이패드 프로5세대 (M1) 12.9인치 Wifi 256G 스페이스 그레이 팝니다.
1383,구형아이패드 tv 모니터연결잭팝니다
1384,샤오미패드5 정발 미개봉 팝니다.
1385,맥북 과 아이패드 팝니다
1386,"아이패드6세대 셀룰러 128기가, 펜슬 1세대 팝니다(박스풀)"
1387,뉴 아이패드 (A1460) 4세대 32G Lte 팝니다
1388,LG 지패드5 10.1 LTE 32기가 (LMT600) 팝니다(18만)
1389,아이패드 에어3 64기가 wifi
1390,아이패드2 팝니다
1391,삼성 태블릿팝니다. 학습용 가능
1392,화웨이 M2 팝니다.
1393,아이패드 프로 11인치 2세대 (2020) 128GB 셀룰러 스페이스그레이 + 매직키보드케이스 팝니다.
1394,갤럭시탭 s6 자급제 lte 256GB 로즈블러쉬 팝니다.
1395,델 7275 키보드 케이스 팝니다
1396,아이패드 미니5 셀룰러 256g / 애플펜슬 1세대 팝니다
1397,갤럭시탭S7 FE LTE 버전 128GB 팝니다.
1398,애플펜슬 1세대 팝니다(풀박)
1399,[풀박]아이패드 프로 4세대 11인치 128GB WI-FI+ 애플펜슬 2세대
1400,애플펜슬1 팝니다
1401,아이패드 6세대 32g wifi 스페이스 그레이 팝니다
1402,갤럭시탭 s7+ 12.4 512 네이비 lte 팝니다(sm-t975n)
1403,아이패드 미니5 실버 팝니다
1404,아이패드프로4세대 11인치 128기가 wifi + 애케플 팝니다
1405,아이패드4세대 11인치 128GB 팝니다.
1406,[아이패드 프로 3세대 wifi 11인치 64G 실버 팝니다.]
1407,[상태 S급] 아이패드 에어3 64g wifi 풀세트 팝니다.(애플펜슬+매직키보드)
1408,"아아패드에어2, 64기가"
1409,아이패드프로 1세대와 펜슬팝니다.
1410,갤럭시탭 s6 lite 액정보호필름 araree(아라리) 팝니다.
1411,아이패드 에어3 64g wifi+애플펜 팝니다
1412,부품용 TECLAST X10HD 3G 팝니다.
1413,아이패드미니5 64기가+에플팬슬팝니다.
1414,아이패드 2세대 10.5 256기가 와이파이 팝니다.
1415,"몬스터헌터 라이즈, 스틸북 팝니다."
1416,갤럭시A7LTE 64GB (sm-505)
1417,갤럭시탭s7 fe 128g 와이파이모델(미개봉)
1418,아이패드 프로 4세대 wifi 12.9(1테라) + 애플펜슬 2세대 팝니다
1419,갤럭시탭 S7 512gb 12g ram lte모델 자급제 풀박스+정품키보드케이스+태블릿거치대 팝니다.
1420,아이패드6세대 WIFI 화이트 32G 팝니다.
1421,아이패드 프로 2세대 스그 10.5형 256GB WI-FI 모델 팝니다. / ipad pro
1422,아이패드 에어 4세대랑 애플펜슬 2세대 팝니다
1423,부품용 와컴 뱀부 잉크 ( Wacom Bamboo INK ) CS321AK 와컴 스타일러스 팝니다
1424,미개봉 새상품 샤오미 미패드5 팝니다
1425,[판매완료] 애플 아이패드 프로 스페이스 그레이 팝니다.
1426,아이패드 5세대 2017 wifi 128g팝니다.
1427,갤럭시탭4 16gb (sm-t530)
1428,갤럭시노트 10.1 2014년 에디션 팝니다
1429,갤럭시탭 s7 128g lte 팝니다 풀박스
1430,와콤 신티크 컨패니언2 풀세트 팝니다. i7 256KB
1431,아이패드 프로 11형 2세대 셀룰러 256 + 애플케어 팝니다
1432,화웨이Be Y패드 팝니다.
1433,Iplay40h 팝니다.
1434,아이패드 에어3 256GB 와이파이+애플펜슬
1435,갤럭시탭 s3부품용 팝니다
1436,(전화/문자가능)비와이패드2팝니다
1437,아이패드 에어3(상태최상)아이패드 에어3+애플펜슬 1세대+애플순정키보드+케이스+풀박 (64GB / wifi)
1438,아이패드에어4 256gb 실버 애플펜슬2 팔아요
1439,아이패드 6세대32기가 wifi 팝니다
1440,아이패드6세대 팝니다.
1441,뇌새김 태블릿 팝니다
1442,아이패드 에어3 팝니다.
1443,아이패드 에어 3 64기가+에플팬슬 1세대
1444,판매완료
1445,아이패드 에어2 실버 판매팝니다.
1446,(인천)아이패드7 32g wifi 팝니다(거래완료)
1447,아이패드 프로 2세대 10.5인치 LTE 실버 256G 팝니다.
1448,아이패드 7세대 스그 32기가 + 정품 애플 키보드 + 애플펜슬 s급 팝니다
1449,갤럭시탭 s5e 128g wifi 팝니다.
1450,아이패드4 레티나 64G 팝니다
1451,아이패드프로4세대 실버 12.9인치 256gb wifi완전 s급 풀세트 팝니다(매직키보드 + 애플펜슬 2세대 포함)
1452,갤럭시탭s7+플러스LTE 512G 램12G 팝니다
1453,아이패드 프로 11인치 1세대 실버 64기가 셀룰러 팔아요
1454,(급처) 아이패드 에어3 골드 64GB Wifi + 애플펜슬 1세대 + 각종 액세서리 팝니다
1455,갤럭시탭s7플러스 정품 키보드 커버 팝니다(2회 사용)
1456,갤럭시 탭 a7 lite lte 미개봉 팝니다
1457,갤럭시탭s7+ 512g 네이비lte팝니다
1458,갤럭시 탭 s7 256기가 lte 블랙
1459,아이패드미니 5
1460,아이패드미니5 256기가 셀룰러 lte 애플케어플러스 팝니다
1461,아이패드프로4세대256기가wifi+매직키보드
1462,아이패드 3세대 12.9 256GB 팝니다
1463,미니 5 256 셀룰러 팝니다
1464,와콤 인튜어스 프로 pth-660
1465,아이패드8세대 32GB wifi 실버 + 애플펜슬 1세대 팝니다.
1466,아이패드 프로4세대 12.9 128 와이파이 팝니다~
1467,갤럭시A 8.0 32G 팝니다!!
1468,"갤럭시탭 S7+ 256gb LTE 팝니다 키보드북커버, 북커버 둘다 드립니다"
1469,아이패드1 (아이패드 진짜 초창기 모델)
1470,갤럭시 탭 a7 lite lte 미개봉 팝니다
1471,리디북스 페이퍼 프로 팝니다
1472,갤럭시탭s6+ 256g Lte 팝니다.
1473,Ipad pro 3세대/keyboard/pencil2세대
1474,아이패드에어3 로즈골드64기가+애플펜슬1세대팝니다
1475,아이패드 미니5 64g 셀롤러 로즈골드 팝니다
1476,갤럭시탭A7 라이트 64GB 미개봉 새상품 팝니다
1477,2017년산 hp태블릿 노트북 팝니다
1478,"아이패드 프로 4세대 11인치 512GB 셀룰러 , 애플케어플러스 ,매직키보드"
1479,아이패드 에어 3 64기가+아이팬슬 1세대
1480,미개봉 써피스프로7 12.3 +블랙타입커버세트 팝니다
1481,[미개봉]애플 아이패드프로11 4세대(2세대) wifi 1Tb 스페이스그레이 / 89.9발에 팝니다.
1482,아이패드 에어 2세대 (WIFI) 64GB (MGKM2KH/A ) 23만원 판매
1483,갤럭시탭 S7 FE 미개봉 미스틱블랙 팝니다.
1484,아이패드 프로4세대 256g 셀룰러+로지텍 폴리오 프로 키보드 팝니다
1485,아이패드프로10.5(2세대) 512g 셀룰러
1486,아이패드6세대 팝니다 WIFI 상태 S+ 입니다.
1487,리디북스 페이퍼 프로 팝니다
1488,(미개봉) 아이패드 프로 12.9형 5세대 M1 WIFI 256G 스페이스그레이 팝니다.
1489,아이패드 에어4 스카이블루 64기가 와이파이 미개봉팝니다
1490,삼성 갤럭시탭 A7 SM-T500N WIFI 64GB 팝니다
1491,(50만원) APPLE 아이패드 7세대 Cellular 128GB (스그) + 키보드 + 케이스
1492,아이패드에어1 32기가 (wifi) + 애플 스마트커버
1493,"아이패드 미니 5세대 64gb, 셀률러, 스그 (애케플, 펜슬, 정품케이스, 박스 포함)"
1494,아이패드 프로 10.5 셀룰러 64gb
1495,아이패드 에어3 스그 64GB WIFI(배터리 94%)+ 애플펜슬 1세대 풀박스 팝니다.
1496,아이패드 미니5 Wifi 256기가 팝니다
1497,아이패드 5세대 셀룰러 128g 골드 팝니다
1498,아이패드 프로 2세대 11인치 128 팝니다
1499,[미개봉]아이패드 프로 4세대 11형 256gb 와이파이
1500,아이패드프로5세대 12.9 512 스페이스그레이 자급제 셀룰러
1501,갤럭시탭 어드밴스2
1502,아이패드프로 5세대 12.9인치 256G wifi 팝니다
1503,아이패드 4세대 wifi 12.9인치 256GB (에플팬슬 포함) 팝니다.
1504,교원 KA-E410W 올앤지 태블릿
1505,짭플팬슬 서피스펜촉 호환버전
1506,아이패드 프로 12.9 lte 스그 256g 미개봉 새상품 판매합니다
1507,8인치 태블릿 팝니다. 9만원. 경남 창원. 내비 전자책.새제품.
1508,아이패드 프로 5세대 12.9형 128GB 와이파이+셀룰러 스페이스그레이 미개봉 팝니다
1509,아이패드프로4세대 12.9셀룰러+애플펜슬2세대
1510,[팝니다] 갤럭시탭S6 256GB Wifi 마운틴그레이 (자급제) 풀박스 + 정품 북커버 팝니다. SM-T860N
1511,"디클 탭 라이브 10.1 (보드 교환 후 사용 가능) 20,000원 팝니다."
1512,갤럭시노트 10.1 2014년 에디션 팝니다
1513,아이패드 11형 128gb wifi +셀룰러 팝니다
1514,아이패드 7세대 (32gb 실버) A급 팝니다
1515,아이패드프로5세대 12.9 512 스페이스그레이 자급제 셀룰러
1516,갤럭시탭 어드밴스2
1517,아이패드프로 5세대 12.9인치 256G wifi 팝니다
1518,아이패드 4세대 wifi 12.9인치 256GB (에플팬슬 포함) 팝니다.
1519,교원 KA-E410W 올앤지 태블릿
1520,짭플팬슬 서피스펜촉 호환버전
1521,아이패드 프로 12.9 lte 스그 256g 미개봉 새상품 판매합니다
1522,8인치 태블릿 팝니다. 9만원. 경남 창원. 내비 전자책.새제품.
1523,아이패드 프로 5세대 12.9형 128GB 와이파이+셀룰러 스페이스그레이 미개봉 팝니다
1524,아이패드프로4세대 12.9셀룰러+애플펜슬2세대
1525,[팝니다] 갤럭시탭S6 256GB Wifi 마운틴그레이 (자급제) 풀박스 + 정품 북커버 팝니다. SM-T860N
1526,"디클 탭 라이브 10.1 (보드 교환 후 사용 가능) 20,000원 팝니다."
1527,갤럭시노트 10.1 2014년 에디션 팝니다
1528,아이패드 11형 128gb wifi +셀룰러 팝니다
1529,아이패드 7세대 (32gb 실버) A급 팝니다
1530,아이패드프로4세대 12.9형 256 셀룰러 LTE + 애플펜슬2 일괄판매 합니다.
1531,"[판매완료]오닉스 포크2 이북리더기 풀박스,케이스,리모컨"
1532,아이패드 프로5세대 (M1) 12.9인치 Wifi 256G 스페이스 그레이 팝니다.
1533,구형아이패드 tv 모니터연결잭팝니다
1534,샤오미패드5 정발 미개봉 팝니다.
1535,맥북 과 아이패드 팝니다
1536,"아이패드6세대 셀룰러 128기가, 펜슬 1세대 팝니다(박스풀)"
1537,뉴 아이패드 (A1460) 4세대 32G Lte 팝니다
1538,LG 지패드5 10.1 LTE 32기가 (LMT600) 팝니다(18만)
1539,아이패드 에어3 64기가 wifi
1540,아이패드2 팝니다
1541,삼성 태블릿팝니다. 학습용 가능
1542,화웨이 M2 팝니다.
1543,아이패드 프로 11인치 2세대 (2020) 128GB 셀룰러 스페이스그레이 + 매직키보드케이스 팝니다.
1544,갤럭시탭 s6 자급제 lte 256GB 로즈블러쉬 팝니다.
1545,델 7275 키보드 케이스 팝니다
1546,아이패드 미니5 셀룰러 256g / 애플펜슬 1세대 팝니다
1547,갤럭시탭S7 FE LTE 버전 128GB 팝니다.
1548,애플펜슬 1세대 팝니다(풀박)
1549,[풀박]아이패드 프로 4세대 11인치 128GB WI-FI+ 애플펜슬 2세대
1550,애플펜슬1 팝니다
1551,아이패드 6세대 32g wifi 스페이스 그레이 팝니다
1552,갤럭시탭 s7+ 12.4 512 네이비 lte 팝니다(sm-t975n)
1553,아이패드 미니5 실버 팝니다
1554,아이패드프로4세대 11인치 128기가 wifi + 애케플 팝니다
1555,아이패드4세대 11인치 128GB 팝니다.
1556,[아이패드 프로 3세대 wifi 11인치 64G 실버 팝니다.]
1557,[상태 S급] 아이패드 에어3 64g wifi 풀세트 팝니다.(애플펜슬+매직키보드)
1558,"아아패드에어2, 64기가"
1559,아이패드프로 1세대와 펜슬팝니다.
1560,갤럭시탭 s6 lite 액정보호필름 araree(아라리) 팝니다.
1561,아이패드 에어3 64g wifi+애플펜 팝니다
1562,부품용 TECLAST X10HD 3G 팝니다.
1563,아이패드미니5 64기가+에플팬슬팝니다.
1564,아이패드 2세대 10.5 256기가 와이파이 팝니다.
1565,"몬스터헌터 라이즈, 스틸북 팝니다."
1566,갤럭시A7LTE 64GB (sm-505)
1567,갤럭시탭s7 fe 128g 와이파이모델(미개봉)
1568,아이패드 프로 4세대 wifi 12.9(1테라) + 애플펜슬 2세대 팝니다
1569,갤럭시탭 S7 512gb 12g ram lte모델 자급제 풀박스+정품키보드케이스+태블릿거치대 팝니다.
1570,아이패드6세대 WIFI 화이트 32G 팝니다.
1571,아이패드 프로 2세대 스그 10.5형 256GB WI-FI 모델 팝니다. / ipad pro
1572,아이패드 에어 4세대랑 애플펜슬 2세대 팝니다
1573,부품용 와컴 뱀부 잉크 ( Wacom Bamboo INK ) CS321AK 와컴 스타일러스 팝니다
1574,미개봉 새상품 샤오미 미패드5 팝니다
1575,[판매완료] 애플 아이패드 프로 스페이스 그레이 팝니다.
1576,아이패드 5세대 2017 wifi 128g팝니다.
1577,갤럭시탭4 16gb (sm-t530)
1578,갤럭시노트 10.1 2014년 에디션 팝니다
1579,갤럭시탭 s7 128g lte 팝니다 풀박스
1580,와콤 신티크 컨패니언2 풀세트 팝니다. i7 256KB
1581,아이패드 프로 11형 2세대 셀룰러 256 + 애플케어 팝니다
1582,화웨이Be Y패드 팝니다.
1583,Iplay40h 팝니다.
1584,아이패드 에어3 256GB 와이파이+애플펜슬
1585,갤럭시탭 s3부품용 팝니다
1586,(전화/문자가능)비와이패드2팝니다
1587,아이패드 에어3(상태최상)아이패드 에어3+애플펜슬 1세대+애플순정키보드+케이스+풀박 (64GB / wifi)
1588,아이패드에어4 256gb 실버 애플펜슬2 팔아요
1589,아이패드 6세대32기가 wifi 팝니다
1590,아이패드6세대 팝니다.
1591,뇌새김 태블릿 팝니다
1592,아이패드 에어3 팝니다.
1593,아이패드 에어 3 64기가+에플팬슬 1세대
1594,판매완료
1595,아이패드 에어2 실버 판매팝니다.
1596,(인천)아이패드7 32g wifi 팝니다(거래완료)
1597,아이패드 프로 2세대 10.5인치 LTE 실버 256G 팝니다.
1598,아이패드 7세대 스그 32기가 + 정품 애플 키보드 + 애플펜슬 s급 팝니다
1599,갤럭시탭 s5e 128g wifi 팝니다.
1600,아이패드4 레티나 64G 팝니다
1601,아이패드프로4세대 실버 12.9인치 256gb wifi완전 s급 풀세트 팝니다(매직키보드 + 애플펜슬 2세대 포함)
1602,갤럭시탭s7+플러스LTE 512G 램12G 팝니다
1603,아이패드 프로 11인치 1세대 실버 64기가 셀룰러 팔아요
1604,(급처) 아이패드 에어3 골드 64GB Wifi + 애플펜슬 1세대 + 각종 액세서리 팝니다
1605,갤럭시탭s7플러스 정품 키보드 커버 팝니다(2회 사용)
1606,갤럭시 탭 a7 lite lte 미개봉 팝니다
1607,갤럭시탭s7+ 512g 네이비lte팝니다
1608,갤럭시 탭 s7 256기가 lte 블랙
1609,아이패드미니 5
1610,아이패드미니5 256기가 셀룰러 lte 애플케어플러스 팝니다
1611,아이패드프로4세대256기가wifi+매직키보드
1612,아이패드 3세대 12.9 256GB 팝니다
1613,미니 5 256 셀룰러 팝니다
1614,와콤 인튜어스 프로 pth-660
1615,아이패드8세대 32GB wifi 실버 + 애플펜슬 1세대 팝니다.
1616,아이패드 프로4세대 12.9 128 와이파이 팝니다~
1617,갤럭시A 8.0 32G 팝니다!!
1618,"갤럭시탭 S7+ 256gb LTE 팝니다 키보드북커버, 북커버 둘다 드립니다"
1619,아이패드1 (아이패드 진짜 초창기 모델)
1620,갤럭시 탭 a7 lite lte 미개봉 팝니다
1621,리디북스 페이퍼 프로 팝니다
1622,갤럭시탭s6+ 256g Lte 팝니다.
1623,Ipad pro 3세대/keyboard/pencil2세대
1624,아이패드에어3 로즈골드64기가+애플펜슬1세대팝니다
1625,아이패드 미니5 64g 셀롤러 로즈골드 팝니다
1626,갤럭시탭A7 라이트 64GB 미개봉 새상품 팝니다
1627,2017년산 hp태블릿 노트북 팝니다
1628,"아이패드 프로 4세대 11인치 512GB 셀룰러 , 애플케어플러스 ,매직키보드"
1629,아이패드 에어 3 64기가+아이팬슬 1세대
1630,미개봉 써피스프로7 12.3 +블랙타입커버세트 팝니다
1631,[미개봉]애플 아이패드프로11 4세대(2세대) wifi 1Tb 스페이스그레이 / 89.9발에 팝니다.
1632,아이패드 에어 2세대 (WIFI) 64GB (MGKM2KH/A ) 23만원 판매
1633,갤럭시탭 S7 FE 미개봉 미스틱블랙 팝니다.
1634,아이패드 프로4세대 256g 셀룰러+로지텍 폴리오 프로 키보드 팝니다
1635,아이패드프로10.5(2세대) 512g 셀룰러
1636,아이패드6세대 팝니다 WIFI 상태 S+ 입니다.
1637,리디북스 페이퍼 프로 팝니다
1638,(미개봉) 아이패드 프로 12.9형 5세대 M1 WIFI 256G 스페이스그레이 팝니다.
1639,아이패드 에어4 스카이블루 64기가 와이파이 미개봉팝니다
1640,삼성 갤럭시탭 A7 SM-T500N WIFI 64GB 팝니다
1641,(50만원) APPLE 아이패드 7세대 Cellular 128GB (스그) + 키보드 + 케이스
1642,아이패드에어1 32기가 (wifi) + 애플 스마트커버
1643,"아이패드 미니 5세대 64gb, 셀률러, 스그 (애케플, 펜슬, 정품케이스, 박스 포함)"
1644,아이패드 프로 10.5 셀룰러 64gb
1645,아이패드 에어3 스그 64GB WIFI(배터리 94%)+ 애플펜슬 1세대 풀박스 팝니다.
1646,아이패드 미니5 Wifi 256기가 팝니다
1647,아이패드 5세대 셀룰러 128g 골드 팝니다
1648,아이패드 프로 2세대 11인치 128 팝니다
1649,[미개봉]아이패드 프로 4세대 11형 256gb 와이파이
1650,아이패드프로5세대 12.9 512 스페이스그레이 자급제 셀룰러
1651,갤럭시탭 어드밴스2
1652,아이패드프로 5세대 12.9인치 256G wifi 팝니다
1653,아이패드 4세대 wifi 12.9인치 256GB (에플팬슬 포함) 팝니다.
1654,교원 KA-E410W 올앤지 태블릿
1655,짭플팬슬 서피스펜촉 호환버전
1656,아이패드 프로 12.9 lte 스그 256g 미개봉 새상품 판매합니다
1657,8인치 태블릿 팝니다. 9만원. 경남 창원. 내비 전자책.새제품.
1658,아이패드 프로 5세대 12.9형 128GB 와이파이+셀룰러 스페이스그레이 미개봉 팝니다
1659,아이패드프로4세대 12.9셀룰러+애플펜슬2세대
1660,[팝니다] 갤럭시탭S6 256GB Wifi 마운틴그레이 (자급제) 풀박스 + 정품 북커버 팝니다. SM-T860N
1661,"디클 탭 라이브 10.1 (보드 교환 후 사용 가능) 20,000원 팝니다."
1662,갤럭시노트 10.1 2014년 에디션 팝니다
1663,아이패드 11형 128gb wifi +셀룰러 팝니다
1664,아이패드 7세대 (32gb 실버) A급 팝니다
1665,아이패드프로5세대 12.9 512 스페이스그레이 자급제 셀룰러
1666,갤럭시탭 어드밴스2
1667,아이패드프로 5세대 12.9인치 256G wifi 팝니다
1668,아이패드 4세대 wifi 12.9인치 256GB (에플팬슬 포함) 팝니다.
1669,교원 KA-E410W 올앤지 태블릿
1670,짭플팬슬 서피스펜촉 호환버전
1671,아이패드 프로 12.9 lte 스그 256g 미개봉 새상품 판매합니다
1672,8인치 태블릿 팝니다. 9만원. 경남 창원. 내비 전자책.새제품.
1673,아이패드 프로 5세대 12.9형 128GB 와이파이+셀룰러 스페이스그레이 미개봉 팝니다
1674,아이패드프로4세대 12.9셀룰러+애플펜슬2세대
1675,[팝니다] 갤럭시탭S6 256GB Wifi 마운틴그레이 (자급제) 풀박스 + 정품 북커버 팝니다. SM-T860N
1676,"디클 탭 라이브 10.1 (보드 교환 후 사용 가능) 20,000원 팝니다."
1677,갤럭시노트 10.1 2014년 에디션 팝니다
1678,아이패드 11형 128gb wifi +셀룰러 팝니다
1679,아이패드 7세대 (32gb 실버) A급 팝니다
1680,아이패드프로4세대 12.9형 256 셀룰러 LTE + 애플펜슬2 일괄판매 합니다.
1681,"[판매완료]오닉스 포크2 이북리더기 풀박스,케이스,리모컨"
1682,아이패드 프로5세대 (M1) 12.9인치 Wifi 256G 스페이스 그레이 팝니다.
1683,구형아이패드 tv 모니터연결잭팝니다
1684,샤오미패드5 정발 미개봉 팝니다.
1685,맥북 과 아이패드 팝니다
1686,"아이패드6세대 셀룰러 128기가, 펜슬 1세대 팝니다(박스풀)"
1687,뉴 아이패드 (A1460) 4세대 32G Lte 팝니다
1688,LG 지패드5 10.1 LTE 32기가 (LMT600) 팝니다(18만)
1689,아이패드 에어3 64기가 wifi
1690,아이패드2 팝니다
1691,삼성 태블릿팝니다. 학습용 가능
1692,화웨이 M2 팝니다.
1693,아이패드 프로 11인치 2세대 (2020) 128GB 셀룰러 스페이스그레이 + 매직키보드케이스 팝니다.
1694,갤럭시탭 s6 자급제 lte 256GB 로즈블러쉬 팝니다.
1695,델 7275 키보드 케이스 팝니다
1696,아이패드 미니5 셀룰러 256g / 애플펜슬 1세대 팝니다
1697,갤럭시탭S7 FE LTE 버전 128GB 팝니다.
1698,애플펜슬 1세대 팝니다(풀박)
1699,[풀박]아이패드 프로 4세대 11인치 128GB WI-FI+ 애플펜슬 2세대
1700,애플펜슬1 팝니다
1701,아이패드 6세대 32g wifi 스페이스 그레이 팝니다
1702,갤럭시탭 s7+ 12.4 512 네이비 lte 팝니다(sm-t975n)
1703,아이패드 미니5 실버 팝니다
1704,아이패드프로4세대 11인치 128기가 wifi + 애케플 팝니다
1705,아이패드4세대 11인치 128GB 팝니다.
1706,[아이패드 프로 3세대 wifi 11인치 64G 실버 팝니다.]
1707,[상태 S급] 아이패드 에어3 64g wifi 풀세트 팝니다.(애플펜슬+매직키보드)
1708,"아아패드에어2, 64기가"
1709,아이패드프로 1세대와 펜슬팝니다.
1710,갤럭시탭 s6 lite 액정보호필름 araree(아라리) 팝니다.
1711,아이패드 에어3 64g wifi+애플펜 팝니다
1712,부품용 TECLAST X10HD 3G 팝니다.
1713,아이패드미니5 64기가+에플팬슬팝니다.
1714,아이패드 2세대 10.5 256기가 와이파이 팝니다.
1715,"몬스터헌터 라이즈, 스틸북 팝니다."
1716,갤럭시A7LTE 64GB (sm-505)
1717,갤럭시탭s7 fe 128g 와이파이모델(미개봉)
1718,아이패드 프로 4세대 wifi 12.9(1테라) + 애플펜슬 2세대 팝니다
1719,갤럭시탭 S7 512gb 12g ram lte모델 자급제 풀박스+정품키보드케이스+태블릿거치대 팝니다.
1720,아이패드6세대 WIFI 화이트 32G 팝니다.
1721,아이패드 프로 2세대 스그 10.5형 256GB WI-FI 모델 팝니다. / ipad pro
1722,아이패드 에어 4세대랑 애플펜슬 2세대 팝니다
1723,부품용 와컴 뱀부 잉크 ( Wacom Bamboo INK ) CS321AK 와컴 스타일러스 팝니다
1724,미개봉 새상품 샤오미 미패드5 팝니다
1725,[판매완료] 애플 아이패드 프로 스페이스 그레이 팝니다.
1726,아이패드 5세대 2017 wifi 128g팝니다.
1727,갤럭시탭4 16gb (sm-t530)
1728,갤럭시노트 10.1 2014년 에디션 팝니다
1729,갤럭시탭 s7 128g lte 팝니다 풀박스
1730,와콤 신티크 컨패니언2 풀세트 팝니다. i7 256KB
1731,아이패드 프로 11형 2세대 셀룰러 256 + 애플케어 팝니다
1732,화웨이Be Y패드 팝니다.
1733,Iplay40h 팝니다.
1734,아이패드 에어3 256GB 와이파이+애플펜슬
1735,갤럭시탭 s3부품용 팝니다
1736,(전화/문자가능)비와이패드2팝니다
1737,아이패드 에어3(상태최상)아이패드 에어3+애플펜슬 1세대+애플순정키보드+케이스+풀박 (64GB / wifi)
1738,아이패드에어4 256gb 실버 애플펜슬2 팔아요
1739,아이패드 6세대32기가 wifi 팝니다
1740,아이패드6세대 팝니다.
1741,뇌새김 태블릿 팝니다
1742,아이패드 에어3 팝니다.
1743,아이패드 에어 3 64기가+에플팬슬 1세대
1744,판매완료
1745,아이패드 에어2 실버 판매팝니다.
1746,(인천)아이패드7 32g wifi 팝니다(거래완료)
1747,아이패드 프로 2세대 10.5인치 LTE 실버 256G 팝니다.
1748,아이패드 7세대 스그 32기가 + 정품 애플 키보드 + 애플펜슬 s급 팝니다
1749,갤럭시탭 s5e 128g wifi 팝니다.
1750,아이패드4 레티나 64G 팝니다
1751,아이패드프로4세대 실버 12.9인치 256gb wifi완전 s급 풀세트 팝니다(매직키보드 + 애플펜슬 2세대 포함)
1752,갤럭시탭s7+플러스LTE 512G 램12G 팝니다
1753,아이패드 프로 11인치 1세대 실버 64기가 셀룰러 팔아요
1754,(급처) 아이패드 에어3 골드 64GB Wifi + 애플펜슬 1세대 + 각종 액세서리 팝니다
1755,갤럭시탭s7플러스 정품 키보드 커버 팝니다(2회 사용)
1756,갤럭시 탭 a7 lite lte 미개봉 팝니다
1757,갤럭시탭s7+ 512g 네이비lte팝니다
1758,갤럭시 탭 s7 256기가 lte 블랙
1759,아이패드미니 5
1760,아이패드미니5 256기가 셀룰러 lte 애플케어플러스 팝니다
1761,아이패드프로4세대256기가wifi+매직키보드
1762,아이패드 3세대 12.9 256GB 팝니다
1763,미니 5 256 셀룰러 팝니다
1764,와콤 인튜어스 프로 pth-660
1765,아이패드8세대 32GB wifi 실버 + 애플펜슬 1세대 팝니다.
1766,아이패드 프로4세대 12.9 128 와이파이 팝니다~
1767,갤럭시A 8.0 32G 팝니다!!
1768,"갤럭시탭 S7+ 256gb LTE 팝니다 키보드북커버, 북커버 둘다 드립니다"
1769,아이패드1 (아이패드 진짜 초창기 모델)
1770,갤럭시 탭 a7 lite lte 미개봉 팝니다
1771,리디북스 페이퍼 프로 팝니다
1772,갤럭시탭s6+ 256g Lte 팝니다.
1773,Ipad pro 3세대/keyboard/pencil2세대
1774,아이패드에어3 로즈골드64기가+애플펜슬1세대팝니다
1775,아이패드 미니5 64g 셀롤러 로즈골드 팝니다
1776,갤럭시탭A7 라이트 64GB 미개봉 새상품 팝니다
1777,2017년산 hp태블릿 노트북 팝니다
1778,"아이패드 프로 4세대 11인치 512GB 셀룰러 , 애플케어플러스 ,매직키보드"
1779,아이패드 에어 3 64기가+아이팬슬 1세대
1780,미개봉 써피스프로7 12.3 +블랙타입커버세트 팝니다
1781,[미개봉]애플 아이패드프로11 4세대(2세대) wifi 1Tb 스페이스그레이 / 89.9발에 팝니다.
1782,아이패드 에어 2세대 (WIFI) 64GB (MGKM2KH/A ) 23만원 판매
1783,갤럭시탭 S7 FE 미개봉 미스틱블랙 팝니다.
1784,아이패드 프로4세대 256g 셀룰러+로지텍 폴리오 프로 키보드 팝니다
1785,아이패드프로10.5(2세대) 512g 셀룰러
1786,아이패드6세대 팝니다 WIFI 상태 S+ 입니다.
1787,리디북스 페이퍼 프로 팝니다
1788,(미개봉) 아이패드 프로 12.9형 5세대 M1 WIFI 256G 스페이스그레이 팝니다.
1789,아이패드 에어4 스카이블루 64기가 와이파이 미개봉팝니다
1790,삼성 갤럭시탭 A7 SM-T500N WIFI 64GB 팝니다
1791,(50만원) APPLE 아이패드 7세대 Cellular 128GB (스그) + 키보드 + 케이스
1792,아이패드에어1 32기가 (wifi) + 애플 스마트커버
1793,"아이패드 미니 5세대 64gb, 셀률러, 스그 (애케플, 펜슬, 정품케이스, 박스 포함)"
1794,아이패드 프로 10.5 셀룰러 64gb
1795,아이패드 에어3 스그 64GB WIFI(배터리 94%)+ 애플펜슬 1세대 풀박스 팝니다.
1796,아이패드 미니5 Wifi 256기가 팝니다
1797,아이패드 5세대 셀룰러 128g 골드 팝니다
1798,아이패드 프로 2세대 11인치 128 팝니다
1799,[미개봉]아이패드 프로 4세대 11형 256gb 와이파이
