"","kdrama_name","platform"
"1","100 Days My Prince","WeTV"
"2","100 Days My Prince","Netflix"
"3","100 Days My Prince","KDRAMA"
"4","100 Days My Prince","Apple TV"
"5","100 Days My Prince","Viki"
"7","12 Years Promise","Viki"
"8","18 Again","WeTV"
"9","365: Repeat the Year","Viki"
"12","7 First Kisses","LDF"
"14","#Alive","Lululala Story Lab"
"15","#Alive","Viki"
"16","A Beautiful Mind","Viki"
"19","A Gentleman's Dignity","Viki"
"20","A Girl Who Sees Smells","Viki"
"21","A Girl Who Sees Smells","Netflix"
"23","A Hundred Year Legacy","Viki"
"24","A Korean Odyssey","Viki"
"25","A Korean Odyssey","Netflix"
"26","A Korean Odyssey","Apple TV"
"28","A Love So Beautiful","Kakao TV"
"29","A Love So Beautiful","Netflix"
"30","A Model Family","Netflix"
"31","A New Leaf","Viki"
"32","A Piece of Your Mind","Apple TV"
"33","A Piece of Your Mind","Viki"
"34","A Piece of Your Mind","WeTV"
"35","A Place in the Sun","KBS World"
"36","A Pledge to God","Viki"
"37","A Poem a Day","KDRAMA"
"38","A Superior Day","Viki"
"39","A Tale of Two Sisters","KBS World"
"43","A Witch's Love","Prime Video"
"44","A Witch's Love","Viki"
"45","A Witch's Love","Apple TV"
"46","A Witch's Love","AsianCrush"
"47","A-Teen 2","PlayList Global"
"48","A-Teen 2","WeTV"
"49","A-Teen 2","Viki"
"50","About Time","Apple TV"
"51","About Time","Viki"
"52","About Time","WeTV"
"53","About Time","Netflix"
"54","Abyss","Netflix"
"55","Ad Genius Lee Tae-baek","Viki"
"56","Adamas","Disney"
"57","Adamas","Disney Hotstar"
"58","Adult Trainee","TVING"
"61","Again My Life","Viki"
"64","Alchemy of Souls","Netflix"
"65","Alice","SBS World"
"66","Alice","Viki"
"67","All About My Mom","Viki"
"68","All About My Mom","KBS World"
"69","All About My Romance","SBS World"
"70","All About My Romance","Viki"
"72","All of Us Are Dead","Netflix"
"73","Alone in Love","SBS World"
"74","Amanza","Kakao TV"
"75","Amor Fati","Prime Video"
"76","Amor Fati","Viki"
"77","Andante","Viki"
"79","Angel Eyes","SBS World"
"80","Angel Eyes","Viki"
"82","Angel's Last Mission: Love","Viki"
"83","Angel's Last Mission: Love","Apple TV"
"84","Angel's Last Mission: Love","KBS World"
"85","Angel's Last Mission: Love","Prime Video"
"86","Angel's Revenge","KBS World"
"87","Angry Mom","Viki"
"88","Angry Mom","Netflix"
"90","Another Miss Oh","Disney Hotstar"
"91","Another Miss Oh","WeTV"
"92","Another Miss Oh","Netflix"
"93","Another Miss Oh","KDRAMA"
"97","Arang and the Magistrate","Viki"
"98","Are You Human?","Viki"
"99","Argon","Netflix"
"100","Arthdal Chronicles","Netflix"
"101","Artificial City","Viki"
"102","Artificial City","Netflix"
"103","Artificial City","TVING"
"106","Assembly","Viki"
"107","At Eighteen","WeTV"
"108","At Eighteen","Viki"
"109","At a Distance, Spring Is Green","Apple TV"
"110","At a Distance, Spring Is Green","Viki"
"112","Avengers Social Club","KDRAMA"
"113","Awaken","WeTV"
"114","Awaken","Viki"
"115","Babel","Viki"
"116","Baby Faced Beauty","Viki"
"117","Babysitter","Viki"
"119","Backstreet Rookie","Viki"
"120","Backstreet Rookie","Netflix"
"121","Bad and Crazy","TVING"
"124","Bad Guys 2","KDRAMA"
"125","Bad Guys 2","Netflix"
"128","Bad Thief, Good Thief","Viki"
"131","Band of Sisters","SBS World"
"132","Band of Sisters","Viki"
"135","Be Melodramatic","Disney Hotstar"
"136","Be Melodramatic","WeTV"
"137","Be Melodramatic","Apple TV"
"138","Be Melodramatic","Viki"
"139","Be My Dream Family","KBS World"
"140","Be My Dream Family","Viki"
"143","Beating Again","Apple TV"
"144","Beating Again","Viki"
"145","Beating Again","WeTV"
"148","Beautiful Gong Shim","Viki"
"149","Beautiful Love, Wonderful Life","KBS World"
"150","Beautiful Love, Wonderful Life","Viki"
"151","Beautiful World","Disney Hotstar"
"152","Beautiful World","Viki"
"153","Because This Is My First Life","Apple TV"
"154","Because This Is My First Life","Viki"
"155","Because This Is My First Life","WeTV"
"156","Because This Is My First Life","Netflix"
"157","Becky's Back","Viki"
"158","Becoming Witch","Netflix"
"159","Behind the White Tower","Viki"
"160","Bel Ami","Viki"
"161","Best Chicken","Viki"
"162","Beyond Evil","Disney Hotstar"
"163","Beyond Evil","WeTV"
"164","Beyond Evil","Netflix"
"165","Beyond Evil","Viki"
"167","Big","Viki"
"168","Big Issue","Apple TV"
"169","Big Issue","Viki"
"170","Big Man","KBS World"
"171","Big Mouth","Wavve"
"173","Birdie Buddy","AsianCrush"
"174","Birth of a Beauty","SBS World"
"175","Birth of a Beauty","Viki"
"176","Birth of a Beauty","Netflix"
"177","Birthcare Center","Viki"
"178","Birthcare Center","WeTV"
"180","Black","KDRAMA"
"181","Black","Netflix"
"182","Black Dog: Being A Teacher","Viki"
"183","Black Dog: Being A Teacher","Netflix"
"184","Black Knight","Netflix"
"185","Black Knight: The Man Who Guards Me","Viki"
"186","Black Knight: The Man Who Guards Me","Netflix"
"187","Blade Man","KBS World"
"188","Blade Man","Viki"
"191","Blood","Viki"
"192","Blood","Netflix"
"193","Blood","KBS World"
"195","Bloody Heart","Disney Hotstar"
"196","Bloody Heart","Disney"
"200","Blue Birthday","Viki"
"201","Blue Birthday","WeTV"
"203","Born Again","Viki"
"204","Bossam: Steal the Fate","Viki"
"205","Boys Over Flowers","Apple TV"
"206","Boys Over Flowers","Tubi"
"207","Boys Over Flowers","AsianCrush"
"208","Boys Over Flowers","iflix"
"209","Boys Over Flowers","Hulu"
"210","Boys Over Flowers","Viki"
"211","Boys Over Flowers","WeTV"
"212","Boys Over Flowers","Netflix"
"213","Brain","Viki"
"214","Bravo My Life","KBS World"
"215","Bravo, My Life","KBS World"
"217","Bridal Mask","Viki"
"218","Bride of the Century","Viki"
"220","Brilliant Heritage","Viki"
"221","Brilliant Legacy","Viki"
"222","Bring It On, Ghost","Viki"
"223","Bring It On, Ghost","KDRAMA"
"224","Bring It On, Ghost","WeTV"
"227","Bulgasal: Immortal Souls","TVING"
"228","Bulgasal: Immortal Souls","Netflix"
"229","Business Proposal","Netflix"
"230","Café Minamdang","Netflix"
"232","Can We Fall in Love, Again?","Viki"
"233","Can We Get Married?","Apple TV"
"234","Can We Get Married?","Viki"
"237","Capital Scandal","KBS World"
"238","Capital Scandal","Viki"
"241","Cheat on Me If You Can","Apple TV"
"242","Cheat on Me If You Can","Viki"
"245","Cheer Up, Mr. Kim!","KBS World"
"246","Cheese in the Trap","KDRAMA"
"247","Cheese in the Trap","Apple TV"
"248","Cheese in the Trap","Viki"
"249","Cheese in the Trap","WeTV"
"250","Cheongdam-dong Alice","SBS World"
"251","Cheongdam-dong Alice","Viki"
"254","Chicago Typewriter","Viki"
"255","Chicago Typewriter","WeTV"
"256","Chicago Typewriter","KDRAMA"
"257","Chicago Typewriter","Apple TV"
"258","Chief of Staff","Netflix"
"259","Children of a Lesser God","KDRAMA"
"260","Children of Nobody","Viki"
"261","Children of the 20th Century","Viki"
"262","Chimera","TVING"
"263","Chimera","Viki"
"264","Chip In","Viki"
"265","Choco Bank","Viki"
"266","Chocolate","Netflix"
"268","Cinderella with Four Knights","Apple TV"
"269","Cinderella with Four Knights","Tubi"
"270","Cinderella with Four Knights","Viki"
"271","Cinderella with Four Knights","Netflix"
"273","City Hunter","Apple TV"
"275","Class of Lies","Viki"
"276","Clean with Passion for Now","Apple TV"
"277","Clean with Passion for Now","iflix"
"278","Clean with Passion for Now","Viki"
"279","Clean with Passion for Now","WeTV"
"280","Clean with Passion for Now","Netflix"
"282","Coffee Prince","Apple TV"
"283","Coffee Prince","Viki"
"284","Coffee, Do Me a Favor","Viki"
"285","Color Rush","Apple TV"
"286","Color Rush","Viki"
"288","Come and Hug Me","Viki"
"289","Come Back Mister","SBS World"
"290","Come Back Mister","Viki"
"294","Cool Guys, Hot Ramen","Viki"
"295","Couple or Trouble","Viki"
"296","Crash Landing on You","Netflix"
"297","Crazy Love","Disney Hotstar"
"298","Crazy Love","Disney"
"300","Cross","KDRAMA"
"301","Cruel Love","TVING"
"302","Cruel Love","Netflix"
"303","Cunning Single Lady","Viki"
"304","Cunning Single Lady","Netflix"
"306","D.P.","Netflix"
"307","Dae Jang Geum","Viki"
"308","Dae Jang Geum Is Watching","Viki"
"309","Dae Jo-yeong","KBS Drama Classic"
"311","Dal-ja's Spring","Viki"
"312","Dali and Cocky Prince","Prime Video"
"313","Dali and Cocky Prince","Viki"
"314","Dali and Cocky Prince","Netflix"
"315","Damo","Viki"
"318","Dark Hole","Viki"
"319","Dark Hole","WeTV"
"322","Dear My Friends","Prime Video"
"323","Dear My Friends","Netflix"
"324","Dear My Friends","KDRAMA"
"325","Dear X Who Doesn't Love Me","Viki"
"326","Dear. M","Viki"
"327","Dear. M","WeTV"
"328","Deep Rooted Tree","Apple TV"
"329","Deep Rooted Tree","Viki"
"330","Deep Rooted Tree","Netflix"
"332","Delayed Justice","Apple TV"
"333","Delayed Justice","Viki"
"336","Descendants of the Sun","iflix"
"337","Descendants of the Sun","Apple TV"
"338","Descendants of the Sun","Hulu"
"339","Descendants of the Sun","Viki"
"340","Descendants of the Sun","WeTV"
"341","Designated Survivor: 60 Days","Netflix"
"342","Devilish Charm","Apple TV"
"343","Devilish Charm","Prime Video"
"344","Devilish Charm","Viki"
"345","Diary of a Night Watchman","Viki"
"346","Diary of a Prosecutor","Disney Hotstar"
"347","Diary of a Prosecutor","Hulu"
"348","Diary of a Prosecutor","Viki"
"349","Diary of a Prosecutor","iflix"
"351","Different Dreams","Viki"
"353","Discovery of Love","Viki"
"354","Discovery of Love","KBS Drama Classic"
"355","Discovery of Love","KBS World"
"356","Distorted","SBS World"
"357","Distorted","Viki"
"358","Distorted","Netflix"
"359","Divorce Lawyer in Love","SBS World"
"360","Divorce Lawyer in Love","Viki"
"361","Do Do Sol Sol La La Sol","Netflix"
"362","Do You Like Brahms?","Viki"
"363","Do You Like Brahms?","Netflix"
"364","Do You Like Brahms?","SBS World"
"365","Doctor Detective","Apple TV"
"366","Doctor Detective","Viki"
"367","Doctor John","Viki"
"368","Doctor John","Apple TV"
"369","Doctor Lawyer","Disney Hotstar"
"370","Doctor Prisoner","Viki"
"371","Doctor Prisoner","Apple TV"
"372","Doctor Stranger","WeTV"
"373","Doctor Stranger","Netflix"
"374","Doctor Stranger","Apple TV"
"375","Doctor Stranger","SBS World"
"376","Doctor Stranger","Viki"
"377","Dokgo Rewind","Viki"
"378","Don't Cry My Love","Viki"
"379","Don't Dare to Dream","Viki"
"380","Don't Dare to Dream","Netflix"
"381","Don't Dare to Dream","SBS VOD"
"382","Don't Hesitate","Viki"
"383","Don't Look Back: The Legend of Orpheus","Viki"
"384","Doom at Your Service","Prime Video"
"385","Doom at Your Service","Viki"
"386","Doom at Your Service","TVING"
"389","Dream High","Viki"
"390","Dream High","Netflix"
"391","Dream High 2","Viki"
"392","Dream High 2","Netflix"
"394","Drinking Solo","KDRAMA"
"395","Dr. Brain","Apple TV"
"398","Dr. Jin","Viki"
"401","Dr. Romantic","WeTV"
"402","Dr. Romantic","SBS VOD"
"403","Dr. Romantic","Viki"
"406","Eccentric! Chef Moon","Viki"
"408","Emergency Couple","KDRAMA"
"409","Emergency Couple","Apple TV"
"410","Emergency Couple","Viki"
"412","Empire of Gold","SBS World"
"413","Empire of Gold","Viki"
"414","Empress Ki","Viki"
"415","Empress Ki","Apple TV"
"416","Empress Ki","Prime Video"
"419","Encounter","Viki"
"420","Encounter","Netflix"
"421","Encounter","Hulu"
"422","Encounter","Apple TV"
"423","Endless Love","Viki"
"426","Entertainer","SBS World"
"427","Entertainer","Viki"
"430","Eve","Viki"
"433","Exo Next Door","LINE TV"
"434","Extracurricular","Netflix"
"435","Extraordinary Attorney Woo","Netflix"
"436","Extraordinary You","Viki"
"437","Extraordinary You","WeTV"
"440","Faith","Apple TV"
"441","Faith","Viki"
"442","Falling for Challenge","Viki"
"443","Familiar Wife","KDRAMA"
"444","Familiar Wife","Viki"
"445","Familiar Wife","WeTV"
"446","Familiar Wife","Netflix"
"450","Fantastic","Disney Hotstar"
"451","Fantastic","Viki"
"453","Fashion King","SBS World"
"454","Fashion King","Viki"
"456","Fates & Furies","Viki"
"458","Father's House","Viki"
"459","Feast of the Gods","Viki"
"460","Feel Good to Die","Viki"
"461","Fight for My Way","Apple TV"
"462","Fight for My Way","iflix"
"463","Fight for My Way","Viki"
"464","Fight for My Way","WeTV"
"465","Find Me in Your Memory","Viki"
"466","Find Me in Your Memory","Netflix"
"467","Find Me in Your Memory","Apple TV"
"470","First Love Again","Viki"
"471","First Wives' Club","SBS VOD"
"472","Five Enough","Prime Video"
"473","Five Enough","Viki"
"474","Five Enough","KBS World"
"475","Five Fingers","Viki"
"477","Flower Crew: Joseon Marriage Agency","Disney Hotstar"
"478","Flower Crew: Joseon Marriage Agency","Viki"
"479","Flower Crew: Joseon Marriage Agency","WeTV"
"480","Flower Crew: Joseon Marriage Agency","Netflix"
"482","Flower of Evil","Apple TV"
"483","Flower of Evil","Hulu"
"484","Flower of Evil","Viki"
"487","Flowers of the Prison","Viki"
"489","Forecasting Love and Weather","TVING"
"490","Forecasting Love and Weather","Netflix"
"491","Forest","Apple TV"
"492","Forest","Viki"
"494","Foundation of the Kingdom","KBS Drama Classic"
"498","From Now On, Showtime!","Viki"
"499","Full House Take 2","Viki"
"500","Gangnam Beauty","Disney Hotstar"
"501","Gangnam Beauty","WeTV"
"502","Gangnam Beauty","Netflix"
"503","Gangnam Beauty","Apple TV"
"504","Gangnam Beauty","iflix"
"505","Gangnam Beauty","Viki"
"508","Get Revenge","Viki"
"510","Ghost Doctor","Viki"
"511","Ghost Doctor","Netflix"
"512","Ghost Doctor","TVING"
"513","Girls' Generation 1979","Viki"
"514","Glamorous Temptation","Viki"
"518","Glitch","Netflix"
"522","Go Back","PlayList Global"
"524","Goddess of Fire","Viki"
"525","Goddess of Marriage","SBS World"
"526","Goddess of Marriage","Viki"
"527","God's Gift: 14 Days","SBS World"
"528","God's Gift: 14 Days","Viki"
"529","Gogh, The Starry Night","Viki"
"533","Golden Cross","Viki"
"536","Golden Rainbow","Viki"
"538","Golden Time","Viki"
"539","Good Casting","SBS World"
"540","Good Casting","Viki"
"541","Good Doctor","Viki"
"543","Good Manager","Viki"
"544","Goodbye Dear Wife","AsianCrush"
"545","Goodbye Dear Wife","Netflix"
"546","Goodbye Mr. Black","iWant TFC"
"547","Goodbye Mr. Black","Viki"
"550","Goodbye to Goodbye","Viki"
"551","Graceful Family","Viki"
"552","Graceful Friends","Disney Hotstar"
"553","Graceful Friends","Netflix"
"554","Gracious Revenge","KBS World"
"555","Grand Prince","Viki"
"556","Green Mothers' Club","TVING"
"557","Green Mothers' Club","Netflix"
"558","Grid","Disney Hotstar"
"559","Gu Family Book","Viki"
"560","Gu Family Book","Apple TV"
"561","Gu Family Book","Prime Video"
"563","Guardian: The Lonely and Great God","Apple TV"
"564","Guardian: The Lonely and Great God","iflix"
"565","Guardian: The Lonely and Great God","Viki"
"566","Gunman in Joseon","KBS World"
"567","Gunman in Joseon","Viki"
"568","Gwanggaeto, The Great Conqueror","KBS Drama Classic"
"569","Gyebaek","Viki"
"570","Haechi","Viki"
"571","Happiness","TVING"
"572","Happiness","Viki"
"573","Happiness","WeTV"
"574","Happiness","Netflix"
"579","He Is Psychometric","Viki"
"580","He Is Psychometric","WeTV"
"581","He Is Psychometric","KDRAMA"
"582","He Is Psychometric","Apple TV"
"583","Healer","Viki"
"584","Healer","Apple TV"
"585","Healer","Prime Video"
"586","Heard It Through the Grapevine","Viki"
"587","Heart Surgeons","SBS World"
"588","Heart Surgeons","Viki"
"590","Heartless City","Viki"
"591","Heartstrings","Viki"
"592","Hell Is Other People","Prime Video"
"593","Hell Is Other People","Netflix"
"594","Hell Is Other People","KDRAMA"
"595","Hellbound","Netflix"
"597","Hello Monster","Apple TV"
"598","Hello Monster","Viki"
"599","Hello, Me!","Netflix"
"600","Hello, My Twenties!","Prime Video"
"601","Hello, My Twenties!","Netflix"
"602","Hello, My Twenties!","Apple TV"
"603","Her Private Life","WeTV"
"604","Her Private Life","Netflix"
"605","Her Private Life","Apple TV"
"606","Her Private Life","Prime Video"
"607","Her Private Life","Viki"
"609","Here's My Plan","Wavve"
"610","Here's My Plan","Viki"
"612","Hi Bye, Mama!","Netflix"
"613","Hi! School: Love On","KBS World"
"614","Hi! School: Love On","Viki"
"615","Hi! School: Love On","Netflix"
"617","Hide and Seek","Apple TV"
"618","Hide and Seek","Viki"
"619","High Class","TVING"
"620","High Class","WeTV"
"621","High End Crush","Viki"
"624","High School King of Savvy","Apple TV"
"625","High School King of Savvy","Viki"
"626","High Society","SBS World"
"627","High Society","Viki"
"628","High Society","SBS VOD"
"630","Hit the Top","Viki"
"631","Hit the Top","Apple TV"
"632","Hogu's Love","AsianCrush"
"633","Hogu's Love","Prime Video"
"634","Hold Me Tight","Viki"
"636","Home for Summer","KBS World"
"637","Homemade Love Story","KBS World"
"638","Homemade Love Story","Viki"
"639","Homemade Love Story","Netflix"
"640","Hometown","TVING"
"641","Hometown","WeTV"
"642","Hometown","Netflix"
"643","Hometown Cha-Cha-Cha","TVING"
"644","Hometown Cha-Cha-Cha","Netflix"
"646","Hospital Playlist","Netflix"
"648","Hot Stove League","Viki"
"649","Hot Stove League","Netflix"
"650","Hotel del Luna","WeTV"
"651","Hotel del Luna","Netflix"
"652","Hotel del Luna","KDRAMA"
"653","Hotel del Luna","Apple TV"
"654","Hotel del Luna","Viki"
"657","House of Bluebird","KBS World"
"658","How Are U Bread","Viki"
"659","How Long I've Kissed","Viki"
"660","How to Be Thirty","Kakao TV"
"661","How to Be Thirty","Viki"
"662","How to Buy a Friend","Viki"
"668","Hwarang: The Poet Warrior Youth","WeTV"
"669","Hwarang: The Poet Warrior Youth","Netflix"
"670","Hwarang: The Poet Warrior Youth","Apple TV"
"671","Hwarang: The Poet Warrior Youth","Viki"
"672","Hyde Jekyll, Me","iWant TFC"
"673","Hyde Jekyll, Me","SBS World"
"674","Hyde Jekyll, Me","Viki"
"675","Hyde Jekyll, Me","Netflix"
"677","I Can Hear Your Voice","WeTV"
"678","I Can Hear Your Voice","Apple TV"
"679","I Can Hear Your Voice","Viki"
"680","I Do, I Do","Viki"
"681","I Have a Lover","SBS World"
"682","I Have a Lover","Viki"
"683","I Have a Lover","iWant TFC"
"685","I Love Lee Taly","Viki"
"689","I Order You","Viki"
"690","I Picked Up a Celebrity on the Street","Apple TV"
"691","I Picked Up a Celebrity on the Street","Viki"
"692","I Wanna Hear Your Song","Viki"
"694","I'm Not a Robot","WeTV"
"695","I'm Not a Robot","Apple TV"
"696","I'm Not a Robot","Viki"
"697","I'm Sorry, But I Love You","KBS World"
"698","I'm Sorry, But I Love You","Viki"
"699","I'm Sorry, I Love You","KBS World"
"700","I'm Sorry, I Love You","Viki"
"701","Ice Adonis","KDRAMA"
"702","Idol Drama Operation Team","KBS World"
"705","If You Wish Upon Me","Wavve"
"706","If You Wish Upon Me","Viki"
"708","Imaginary Cat","Viki"
"709","Imitation","Viki"
"710","Imitation","Netflix"
"713","Incarnation of Money","SBS World"
"714","Innocent Defendant","Viki"
"715","Innocent Defendant","SBS VOD"
"716","Insider","Viki"
"717","Inspector Koo","Netflix"
"721","Introverted Boss","KDRAMA"
"722","Introverted Boss","WeTV"
"723","Introverted Boss","Netflix"
"725","Iris","WeTV"
"726","Iris II: New Generation","WeTV"
"728","Itaewon Class","Netflix"
"729","Item","Apple TV"
"730","Item","Viki"
"731","It's Beautiful Now","KBS World"
"732","It's My Life","KBS World"
"733","It's Okay to Not Be Okay","Netflix"
"734","It's Okay, That's Love","Disney Hotstar"
"735","It's Okay, That's Love","WeTV"
"736","It's Okay, That's Love","Viki"
"737","Jang Bo-ri Is Here!","Viki"
"741","Jinxed at First","Viki"
"742","Jirisan","TVING"
"743","Jirisan","Viki"
"745","Joseon Exorcist","WeTV"
"747","JTBC Drama Festa","TVING"
"748","JTBC Drama Festa","Netflix"
"749","Judge vs. Judge","SBS World"
"750","Judge vs. Judge","Viki"
"751","Judge vs. Judge","Netflix"
"752","Jugglers","Viki"
"754","Jungle Fish","KBS World"
"755","Just Dance","Viki"
"756","Justice","Apple TV"
"757","Justice","Viki"
"758","Juvenile Justice","Netflix"
"759","Kairos","Apple TV"
"760","Kairos","Viki"
"761","My Prettiest Moments","Viki"
"765","Eunhui","KBS World"
"769","Samsaengi","KBS World"
"774","Kill Heel","Viki"
"775","Kill It","Viki"
"776","Kill It","WeTV"
"777","Kill Me, Heal Me","WeTV"
"778","Kill Me, Heal Me","Apple TV"
"779","Kill Me, Heal Me","China Huace TV"
"780","Kill Me, Heal Me","Viki"
"783","Kimchi Family","Viki"
"784","King of Ambition","SBS World"
"785","King of Ambition","Viki"
"786","Kingdom","Netflix"
"787","Kingmaker: The Change of Destiny","KDRAMA"
"788","Kingmaker: The Change of Destiny","Viki"
"789","Kiss Sixth Sense","Disney Hotstar"
"790","Kkondae Intern","WeTV"
"791","Kkondae Intern","Viki"
"793","L.U.C.A.: The Beginning","Viki"
"794","L.U.C.A.: The Beginning","WeTV"
"795","L.U.C.A.: The Beginning","TVING"
"798","Last","Viki"
"800","Law School","Netflix"
"801","Lawless Lawyer","WeTV"
"802","Lawless Lawyer","Netflix"
"803","Lawless Lawyer","KDRAMA"
"804","Lawless Lawyer","Apple TV"
"805","Lawless Lawyer","Viki"
"807","Left-Handed Wife","KBS World"
"808","Legal High","Viki"
"810","Less Than Evil","Viki"
"811","Let Me Be Your Knight","Viki"
"812","Let Me Introduce Her","Apple TV"
"813","Let Me Introduce Her","SBS World"
"814","Let Me Introduce Her","Viki"
"815","Let's Eat","Netflix"
"817","Let's Eat 3","KDRAMA"
"818","Level Up","Apple TV"
"819","Level Up","Viki"
"822","Lie After Lie","Viki"
"823","Lie to Me","Viki"
"824","Lie to Me","Netflix"
"825","Life","Netflix"
"827","Life on Mars","KDRAMA"
"828","Lights and Shadows","Viki"
"829","Light on Me","KOK TV"
"830","Light on Me","Viki"
"832","Link: Eat, Love, Kill","Disney"
"833","Listen to Love","Disney Hotstar"
"834","Listen to Love","Viki"
"835","Listen to My Heart","Viki"
"837","Live","KDRAMA"
"838","Live","Netflix"
"839","Live On","Viki"
"840","Live On","WeTV"
"841","Live Up to Your Name","KDRAMA"
"842","Live Up to Your Name","Netflix"
"843","Liver or Die","Viki"
"844","Liver or Die","Netflix"
"846","Living in Style","Viki"
"853","Love (ft. Marriage and Divorce)","Netflix"
"854","Love Again","Viki"
"855","Love Alarm","Netflix"
"856","Love Alert","Apple TV"
"857","Love Alert","Viki"
"858","Love All Play","Disney Hotstar"
"863","Love in Her Bag","Viki"
"864","Love in Sadness","Viki"
"865","Love in the Moonlight","Apple TV"
"866","Love in the Moonlight","Viki"
"867","Love in the Moonlight","WeTV"
"868","Love in the Moonlight","Netflix"
"870","Love on a Rooftop","KBS World"
"871","Love Playlist","PlayList Global"
"872","Love Playlist","WeTV"
"873","Love Rain","Viki"
"874","Love Rain","Netflix"
"875","Love Returns","KBS World"
"876","Love Revolution","Kakao TV"
"877","Love Revolution","Viki"
"878","Love Scene Number","Viki"
"879","Love to Hate You","Netflix"
"880","Love to the End","KBS World"
"881","Love Twist","KBS World"
"882","Love Twist","Viki"
"883","Love with Flaws","Apple TV"
"884","Love with Flaws","Viki"
"886","Lovely Horribly","Viki"
"888","Lovers in Bloom","KBS World"
"891","Lovers of Haeundae","Viki"
"892","Lovers of Music","KBS World"
"893","Lovers of Music","Viki"
"894","Lovers of the Red Sky","Viki"
"895","Lovestruck in the City","Kakao TV"
"896","Lovestruck in the City","Netflix"
"897","Lucky Romance","Viki"
"898","Lucky Romance","Apple TV"
"899","Ma Boy","Tooniverse"
"900","Mad Dog","Apple TV"
"901","Mad Dog","Viki"
"902","Madame Antoine: The Love Therapist","Viki"
"903","Magic Cellphone","Netflix"
"909","Man in a Veil","Apple TV"
"910","Man in a Veil","Viki"
"911","Man in the Kitchen","Viki"
"912","Man to Man","Netflix"
"914","Manhole","Viki"
"916","Marriage Contract","Viki"
"917","Marriage Contract","Netflix"
"918","Marriage, Not Dating","Viki"
"919","Marriage, Not Dating","WeTV"
"920","Marriage, Not Dating","KDRAMA"
"921","Marry Him If You Dare","Viki"
"922","Marry Me Now","Apple TV"
"923","Marry Me Now","KBS World"
"924","Marry Me Now","Viki"
"927","Mask","SBS World"
"928","Mask","Viki"
"929","Master's Sun","Apple TV"
"930","Master's Sun","Viki"
"931","Matrimonial Chaos","Viki"
"932","May Queen","Viki"
"933","Me Too, Flower!","Viki"
"934","Medical Top Team","Viki"
"935","Melancholia","WeTV"
"936","Melancholia","Netflix"
"937","Melancholia","TVING"
"938","Melancholia","Viki"
"939","Melody of Love","KBS World"
"940","Meloholic","Viki"
"941","Melting Me Softly","Apple TV"
"942","Melting Me Softly","Viki"
"943","Melting Me Softly","KDRAMA"
"944","Memories of the Alhambra","Netflix"
"945","Memorials","Viki"
"946","Memorials","Netflix"
"947","Memorist","Viki"
"948","Memorist","WeTV"
"950","Men Are Men","Viki"
"953","Military Prosecutor Doberman","Netflix"
"954","Military Prosecutor Doberman","Viki"
"955","Mimi","Viki"
"957","Mine","TVING"
"958","Mine","Netflix"
"959","Misaeng: Incomplete Life","Viki"
"960","Misaeng: Incomplete Life","WeTV"
"961","Misaeng: Incomplete Life","Netflix"
"963","Miss Korea","Viki"
"967","Miss Monte-Cristo","Viki"
"968","Miss Panda and Mr. Hedgehog","Viki"
"969","Miss Panda and Mr. Hedgehog","Netflix"
"972","Missing You","Viki"
"973","Missing: The Other Side","Viki"
"974","Mistress","KDRAMA"
"975","Mistress","Viki"
"976","Misty","Disney Hotstar"
"977","Misty","Viki"
"978","Misty","Netflix"
"980","Modern Farmer","SBS World"
"981","Modern Farmer","Viki"
"982","Mom Has an Affair","Viki"
"984","Money Flower","Viki"
"985","Money Game","WeTV"
"986","Money Heist: Korea – Joint Economic Area","Netflix"
"987","Monstar","KDRAMA"
"989","Monstrous","TVING"
"990","Monthly Magazine Home","Viki"
"991","Moon Embracing the Sun","WeTV"
"992","Moon Embracing the Sun","Apple TV"
"993","Moon Embracing the Sun","iflix"
"994","Moon Embracing the Sun","Viki"
"995","Moon Lovers: Scarlet Heart Ryeo","SBS VOD"
"996","Moonshine","Prime Video"
"997","Moonshine","Viki"
"998","Moorim School: Saga of the Brave","Viki"
"1000","More Than Friends","Disney Hotstar"
"1001","More Than Friends","Hulu"
"1002","More Than Friends","Viki"
"1003","More Than Friends","WeTV"
"1004","More Than Friends","Netflix"
"1007","Mouse","Viki"
"1008","Mouse","WeTV"
"1009","Mouse","Apple TV"
"1010","Mouse","TVING"
"1011","Move to Heaven","Netflix"
"1013","Mr. Back","Viki"
"1015","Mr. Queen","Prime Video"
"1016","Mr. Queen","Hulu"
"1017","Mr. Queen","Viki"
"1018","Mr. Sunshine","Netflix"
"1019","Mrs. Cop","SBS World"
"1020","Mrs. Cop","Viki"
"1021","Mrs. Cop","SBS VOD"
"1022","Mrs. Cop","Apple TV"
"1023","Mrs. Cop 2","Viki"
"1024","Mrs. Cop 2","Apple TV"
"1025","Ms. Hammurabi","Viki"
"1026","Ms. Hammurabi","WeTV"
"1027","Ms. Ma, Nemesis","Apple TV"
"1028","Ms. Ma, Nemesis","Viki"
"1029","Ms. Perfect","Viki"
"1030","My Absolute Boyfriend","Viki"
"1031","My Absolute Boyfriend","Apple TV"
"1032","My Absolute Boyfriend","Hulu"
"1035","My Contracted Husband, Mr. Oh","Viki"
"1036","My Contracted Husband, Mr. Oh","Netflix"
"1037","My Country: The New Age","Netflix"
"1038","My Dangerous Wife","Apple TV"
"1039","My Dangerous Wife","Viki"
"1040","My Daughter the Flower","SBS VOD"
"1042","My Dear Cat","KBS World"
"1044","My Father Is Strange","Apple TV"
"1045","My Father Is Strange","Viki"
"1046","My Fellow Citizens!","Viki"
"1047","My Fellow Citizens!","Netflix"
"1048","My Fellow Citizens!","Apple TV"
"1049","My First First Love","Netflix"
"1050","My First Love","Viki"
"1052","My Golden Life","Apple TV"
"1053","My Golden Life","Viki"
"1054","My Healing Love","Viki"
"1055","My Heart Twinkle Twinkle","SBS World"
"1056","My Heart Twinkle Twinkle","Viki"
"1057","My Holo Love","Netflix"
"1058","My Horrible Boss","Viki"
"1061","My Kids Give Me a Headache","Apple TV"
"1062","My Kids Give Me a Headache","Viki"
"1063","My Lawyer, Mr. Jo","Viki"
"1064","My Lawyer, Mr. Jo 2: Crime and Punishment","Viki"
"1065","My Liberation Notes","TVING"
"1066","My Liberation Notes","Netflix"
"1067","My Little Baby","Prime Video"
"1068","My Little Baby","Netflix"
"1070","My Love from the Star","Viki"
"1071","My Love from the Star","Apple TV"
"1073","My Lovely Girl","Apple TV"
"1074","My Lovely Girl","SBS World"
"1075","My Lovely Girl","Viki"
"1076","My Mister","WeTV"
"1077","My Mister","Netflix"
"1078","My Mister","KDRAMA"
"1079","My Mister","Apple TV"
"1080","My Mister","Viki"
"1082","My Name","Netflix"
"1083","My Only Love Song","Netflix"
"1084","My Only One","Viki"
"1085","My Only One","Netflix"
"1086","My Only One","KBS World"
"1087","My Roommate Is a Gumiho","Viki"
"1088","My Roommate Is a Gumiho","Netflix"
"1089","My Roommate Is a Gumiho","Apple TV"
"1090","My Roommate Is a Gumiho","TVING"
"1092","My Runway","Netflix"
"1093","My Sassy Girl","SBS World"
"1094","My Sassy Girl","Viki"
"1095","My Sassy Girl","Netflix"
"1096","My Secret Hotel","Viki"
"1097","My Secret Romance","KDRAMA"
"1098","My Secret Romance","Apple TV"
"1099","My Secret Romance","Viki"
"1100","My Secret Romance","Netflix"
"1102","My Spring Days","Viki"
"1103","My Strange Hero","Viki"
"1104","My Strange Hero","Apple TV"
"1106","My Unfamiliar Family","Viki"
"1107","My Unfamiliar Family","Netflix"
"1108","My Unfamiliar Family","Apple TV"
"1109","My Unfortunate Boyfriend","AsianCrush"
"1110","My Unfortunate Boyfriend","Prime Video"
"1111","Mysterious Personal Shopper","KBS World"
"1112","Mystic Pop-up Bar","Netflix"
"1114","Naked Fireman","Viki"
"1115","Navillera","TVING"
"1116","Navillera","Netflix"
"1117","Never Twice","Viki"
"1118","Nevertheless","Netflix"
"1119","New Heart","Viki"
"1120","Nice Witch","Viki"
"1121","Night Light","Netflix"
"1123","No Matter What","Viki"
"1125","Noble, My Love","Apple TV"
"1126","Noble, My Love","Viki"
"1127","Nobody Knows","Viki"
"1128","Nokdu Flower","Viki"
"1130","Now, We Are Breaking Up","Viki"
"1132","Oh My Baby","WeTV"
"1133","Oh My Baby","Netflix"
"1134","Oh My Baby","KDRAMA"
"1135","Oh My Baby","Viki"
"1136","Oh My Ghost","KDRAMA"
"1137","Oh My Ghost","AsianCrush"
"1138","Oh My Ghost","Prime Video"
"1139","Oh My Ghost","Viki"
"1140","Oh My Ghost","WeTV"
"1141","Oh My Ghost","Netflix"
"1143","Oh My Venus","WeTV"
"1144","Oh My Venus","Apple TV"
"1145","Oh My Venus","iflix"
"1146","Oh My Venus","Hulu"
"1147","Oh My Venus","Viki"
"1149","Oh, the Mysterious","SBS World"
"1150","Oh, the Mysterious","Viki"
"1152","Ojakgyo Family","KBS Drama"
"1153","On Air","Viki"
"1154","On the Verge of Insanity","Prime Video"
"1155","On the Verge of Insanity","Viki"
"1157","Once Again","Viki"
"1158","Once Again","Apple TV"
"1160","One More Happy Ending","Viki"
"1161","One More Happy Ending","Netflix"
"1162","One More Time","Netflix"
"1164","One Spring Night","Netflix"
"1166","One the Woman","Prime Video"
"1167","One the Woman","Viki"
"1169","One Warm Word","SBS World"
"1170","One Warm Word","Viki"
"1174","Operation Proposal","Netflix"
"1175","Orange Marmalade","Viki"
"1176","Our Beloved Summer","Wavve"
"1177","Our Beloved Summer","Netflix"
"1178","Our Blues","TVING"
"1179","Our Blues","Netflix"
"1180","Our Gap-soon","Viki"
"1182","Pachinko","Apple TV"
"1183","Padam Padam","Viki"
"1185","Partners for Justice","Viki"
"1186","Partners for Justice","Apple TV"
"1189","Perfume","Apple TV"
"1190","Perfume","Viki"
"1191","Persona","Netflix"
"1192","Phantom","SBS World"
"1193","Phantom","Viki"
"1195","Phoenix 2020","Viki"
"1199","Pinocchio","WeTV"
"1200","Pinocchio","Apple TV"
"1201","Pinocchio","Viki"
"1202","Player","KDRAMA"
"1203","Player","Viki"
"1204","Player","WeTV"
"1206","Please Don't Date Him","Viki"
"1207","Please Don't Date Him","WeTV"
"1208","Please Don't Date Him","Apple TV"
"1210","Police University","Viki"
"1211","Police University","Netflix"
"1212","Police University","Prime Video"
"1213","Poong, the Joseon Psychiatrist","Viki"
"1215","Possessed","Netflix"
"1219","Pride and Prejudice","Viki"
"1220","Pride and Prejudice","Netflix"
"1222","Prime Minister & I","Viki"
"1225","Prison Playbook","Disney Hotstar"
"1226","Prison Playbook","Netflix"
"1227","Prison Playbook","KDRAMA"
"1228","Private Lives","Netflix"
"1229","Protect the Boss","Viki"
"1230","Protect the Boss","Apple TV"
"1231","Psychopath Diary","Viki"
"1232","Punch","SBS World"
"1233","Punch","Viki"
"1237","Queen and I","AsianCrush"
"1238","Queen and I","Prime Video"
"1239","Queen for Seven Days","Viki"
"1240","Queen for Seven Days","Apple TV"
"1241","Queen of Mystery","Apple TV"
"1242","Queen of Mystery","Viki"
"1243","Queen of Mystery 2","Apple TV"
"1244","Queen of Mystery 2","Viki"
"1245","Queen: Love and War","Viki"
"1247","Racket Boys","Netflix"
"1249","Radio Romance","Viki"
"1250","Rain or Shine","Disney Hotstar"
"1251","Rain or Shine","WeTV"
"1252","Rain or Shine","Netflix"
"1253","Rain or Shine","Viki"
"1254","Record of Youth","Netflix"
"1255","Red Shoes","Prime Video"
"1256","Red Shoes","Viki"
"1257","Red Shoes","KBS World"
"1258","Reflection of You","Netflix"
"1259","Remarriage & Desires","Netflix"
"1261","Replay: The Moment","Apple TV"
"1262","Replay: The Moment","Tubi"
"1263","Replay: The Moment","Kakao TV"
"1264","Replay: The Moment","Prime Video"
"1265","Replay: The Moment","Viki"
"1266","Reply Series","Apple TV"
"1267","Reply Series","Viki"
"1268","Reply Series","WeTV"
"1269","Reply Series","Netflix"
"1270","Reply 1988","Apple TV"
"1271","Reply 1988","Viki"
"1272","Reply 1988","WeTV"
"1273","Reply 1988","Netflix"
"1274","Reply 1994","Viki"
"1275","Reply 1994","WeTV"
"1276","Reply 1997","Apple TV"
"1277","Reply 1997","Viki"
"1278","Reply 1997","KDRAMA"
"1281","Return","Viki"
"1282","Reunited Worlds","Viki"
"1283","Reunited Worlds","Netflix"
"1284","Reunited Worlds","SBS World"
"1286","Revolutionary Love","KDRAMA"
"1287","Revolutionary Love","Apple TV"
"1288","Revolutionary Love","iflix"
"1289","Revolutionary Love","Viki"
"1290","Revolutionary Love","WeTV"
"1291","Revolutionary Love","Netflix"
"1292","Revolutionary Sisters","Prime Video"
"1293","Revolutionary Sisters","Viki"
"1294","Revolutionary Sisters","Netflix"
"1295","Revolutionary Sisters","KBS World"
"1296","Rich Man","Hulu"
"1297","Rich Man","Viki"
"1298","Rich Man","Apple TV"
"1300","Risky Romance","Prime Video"
"1301","Risky Romance","Viki"
"1302","Risky Romance","AsianCrush"
"1303","River Where the Moon Rises","Viki"
"1304","Robber","Viki"
"1305","Romance","Viki"
"1306","Romance Is a Bonus Book","Netflix"
"1308","Rooftop Prince","Apple TV"
"1309","Rooftop Prince","SBS World"
"1310","Rooftop Prince","Viki"
"1311","Rooftop Prince","WeTV"
"1312","Rookie Historian Goo Hae-ryung","Netflix"
"1313","Rookie Cops","Disney Hotstar"
"1314","Room No. 9","KDRAMA"
"1318","Ruby Ring","KBS Drama"
"1319","Ruby Ring","KBS World"
"1321","Rugal","Netflix"
"1322","Ruler of Your Own World","Viki"
"1323","Run On","Netflix"
"1327","Saimdang, Memoir of Colors","Viki"
"1328","Saimdang, Memoir of Colors","Netflix"
"1329","Saimdang, Memoir of Colors","AsianCrush"
"1330","Saimdang, Memoir of Colors","Prime Video"
"1331","Salamander Guru and The Shadows","SBS World"
"1334","Save Me","KDRAMA"
"1335","Save Me 2","KDRAMA"
"1336","Save the Family","KBS World"
"1339","Scent of a Woman","Viki"
"1340","School 2013","Apple TV"
"1341","School 2013","Viki"
"1342","School 2017","Viki"
"1343","School 2017","Apple TV"
"1344","School 2021","Viki"
"1345","Who Are You: School 2015","Viki"
"1346","Who Are You: School 2015","Apple TV"
"1347","Who Are You: School 2015","KBS World"
"1348","Schoolgirl Detectives","Viki"
"1349","Search","Viki"
"1350","Search: WWW","WeTV"
"1351","Search: WWW","KDRAMA"
"1352","Search: WWW","Apple TV"
"1353","Search: WWW","iflix"
"1354","Search: WWW","Hulu"
"1355","Search: WWW","Viki"
"1356","Second 20s","Netflix"
"1357","Second to Last Love","Viki"
"1359","Secret Affair","Viki"
"1360","Secret Boutique","SBS World"
"1361","Secret Boutique","Viki"
"1362","Secret Door","SBS World"
"1363","Secret Door","Viki"
"1364","Secret Healer","Viki"
"1366","Secret Mother","SBS World"
"1367","Secret Mother","Viki"
"1368","Secret Royal Inspector & Joy","TVING"
"1369","Secret Royal Inspector & Joy","Viki"
"1370","Secret Royal Inspector & Joy","WeTV"
"1371","Secret Royal Inspector & Joy","Netflix"
"1373","Secrets of Women","KBS World"
"1374","Sell Your Haunted House","Prime Video"
"1375","Sell Your Haunted House","Viki"
"1376","Sell Your Haunted House","Netflix"
"1377","Semantic Error","Apple TV"
"1378","Semantic Error","Viki"
"1380","Seoyoung, My Daughter","KBS World"
"1381","Seoyoung, My Daughter","Viki"
"1382","She Knows Everything","Viki"
"1383","She Was Pretty","Apple TV"
"1384","She Was Pretty","Viki"
"1385","She Was Pretty","WeTV"
"1387","Shine or Go Crazy","Viki"
"1389","Shopping King Louie","Viki"
"1390","Short","Viki"
"1391","Should We Kiss First?","SBS World"
"1392","Show Window: The Queen's House","Viki"
"1393","Sh**ting Stars","Viki"
"1394","Sh**ting Stars","TVING"
"1395","Signal","WeTV"
"1396","Signal","Netflix"
"1397","Signal","Viki"
"1401","Sisyphus: The Myth","Netflix"
"1402","Six Flying Dragons","SBS VOD"
"1403","Sketch","Apple TV"
"1404","Sketch","Viki"
"1405","Sky Castle","Disney Hotstar"
"1406","Sky Castle","WeTV"
"1407","Sky Castle","Netflix"
"1408","Sky Castle","Viki"
"1412","Snowdrop","Disney Hotstar"
"1413","Snowdrop","Disney"
"1414","So I Married the Anti-fan","Viki"
"1415","So Not Worth It","Netflix"
"1416","Solomon's Perjury","Viki"
"1417","Solomon's Perjury","Netflix"
"1418","Somebody","Netflix"
"1419","Someday","AsianCrush"
"1420","Something About 1%","Viki"
"1421","Something About 1 Percent","Viki"
"1424","Something in the Rain","Netflix"
"1426","Soul Mechanic","Viki"
"1427","Soundtrack 1","Disney Hotstar"
"1429","Special Labor Inspector","Viki"
"1430","Splendid Politics","Viki"
"1431","Sponsor","Viki"
"1432","Spotlight","Viki"
"1434","Spring Turns to Spring","Apple TV"
"1435","Spring Turns to Spring","Viki"
"1439","Squid Game","Netflix"
"1443","Stars Falling from the Sky","KDRAMA"
"1444","Stars Falling from the Sky","Apple TV"
"1445","Stars Falling from the Sky","Viki"
"1446","Start-Up","Netflix"
"1448","Star's Lover","Viki"
"1449","Star's Lover","Apple TV"
"1450","Steal Heart","Viki"
"1451","Still 17","WeTV"
"1452","Still 17","Viki"
"1454","Stranger","Disney Hotstar"
"1455","Stranger","Netflix"
"1456","Strong Girl Bong-soon","Disney Hotstar"
"1457","Strong Girl Bong-soon","WeTV"
"1458","Strong Girl Bong-soon","Apple TV"
"1459","Strong Girl Bong-soon","iflix"
"1460","Strong Girl Bong-soon","Prime Video"
"1461","Strong Girl Bong-soon","Viki"
"1462","Strongest Deliveryman","Tubi"
"1463","Strongest Deliveryman","Netflix"
"1464","Suits","Netflix"
"1465","Sunlight Pours Down","SBS VOD"
"1466","Sunny Again Tomorrow","KBS World"
"1469","Surgeon Bong Dal-hee","Viki"
"1470","Suspicious Partner","Apple TV"
"1471","Suspicious Partner","Viki"
"1472","Suspicious Partner","WeTV"
"1473","Sweden Laundry","Viki"
"1476","Sweet Home","Netflix"
"1477","Sweet Home, Sweet Honey","KBS World"
"1478","Sweet Munchies","Viki"
"1479","Sweet Munchies","Netflix"
"1480","Sweet Revenge","Apple TV"
"1481","Sweet Revenge","Tubi"
"1482","Sweet Revenge","AsianCrush"
"1483","Sweet Revenge","Viki"
"1484","Sweet Revenge 2","AsianCrush"
"1485","Sweet Revenge 2","Viki"
"1486","Sweet Revenge 2","Tubi"
"1488","Sweet Stranger and Me","Viki"
"1489","Sweet, Savage Family","Viki"
"1490","Switch","SBS World"
"1491","Switch","Viki"
"1494","Take Care of Us, Captain","SBS World"
"1495","Take Care of Us, Captain","Viki"
"1496","Tale of Fairy","Viki"
"1497","Tale of Fairy","WeTV"
"1498","Tale of the Nine Tailed","WeTV"
"1499","Tale of the Nine Tailed","Netflix"
"1500","Tale of the Nine Tailed","Viki"
"1502","Taxi Driver","Viki"
"1503","Taxi Driver","Netflix"
"1504","Taxi Driver","Prime Video"
"1505","Tazza","Viki"
"1506","Team Bulldog: Off-Duty Investigation","KDRAMA"
"1507","Team Bulldog: Off-Duty Investigation","Viki"
"1508","Tears of Heaven","KDRAMA"
"1510","Tell Me What You Saw","Viki"
"1511","Temperature of Love","Apple TV"
"1512","Temperature of Love","SBS World"
"1513","Temperature of Love","Viki"
"1514","Temperature of Love","Netflix"
"1515","Temptation","SBS World"
"1516","Temptation","Viki"
"1518","Tempted","Viki"
"1519","Tempted","Apple TV"
"1522","Thank You","Viki"
"1523","That Winter, the Wind Blows","Viki"
"1524","That Winter, the Wind Blows","Netflix"
"1525","That Winter, the Wind Blows","Apple TV"
"1526","That Winter, the Wind Blows","Tubi"
"1528","The All-Round Wife","KBS World"
"1529","The All-Round Wife","Prime Video"
"1530","The All-Round Wife","Viki"
"1531","The Banker","Viki"
"1532","The Beauty Inside","Disney Hotstar"
"1533","The Beauty Inside","Apple TV"
"1534","The Beauty Inside","iflix"
"1535","The Beauty Inside","Viki"
"1536","The Beauty Inside","WeTV"
"1537","The Beauty Inside","Netflix"
"1540","The Bride of Habaek","WeTV"
"1541","The Bride of Habaek","Netflix"
"1542","The Bride of Habaek","KDRAMA"
"1543","The Bride of Habaek","Apple TV"
"1544","The Bride of Habaek","Viki"
"1545","The Chaser","Viki"
"1547","The Cursed","WeTV"
"1548","The Cursed","Netflix"
"1549","The Crowned Clown","WeTV"
"1550","The Crowned Clown","Netflix"
"1551","The Crowned Clown","KDRAMA"
"1552","The Crowned Clown","Viki"
"1555","The Devil Judge","TVING"
"1556","The Devil Judge","Viki"
"1557","The Devil Judge","WeTV"
"1558","The Devil Judge","Netflix"
"1559","The Doctors","SBS VOD"
"1560","The Doctors","Apple TV"
"1561","The Doctors","SBS World"
"1562","The Doctors","Prime Video"
"1563","The Doctors","Viki"
"1568","The Family is Coming","SBS World"
"1569","The Fiery Priest","Viki"
"1570","The Fiery Priest","Apple TV"
"1572","The Fugitive of Joseon","Prime Video"
"1573","The Game: Towards Zero","Viki"
"1574","The Gentlemen of Wolgyesu Tailor Shop","KBS World"
"1575","The Gentlemen of Wolgyesu Tailor Shop","Viki"
"1576","The Ghost Detective","Viki"
"1577","The Good Detective","Disney Hotstar"
"1578","The Good Detective","Netflix"
"1583","The Great Shaman Ga Doo-shim","Kakao TV"
"1584","The Great Shaman Ga Doo-shim","Viki"
"1585","The Great Show","Viki"
"1586","The Greatest Love","Viki"
"1587","The Greatest Marriage","Netflix"
"1588","The Guardians","Viki"
"1589","The Guardians","Netflix"
"1590","The Guest","WeTV"
"1591","The Guest","Netflix"
"1592","The Guest","KDRAMA"
"1593","The Heirs","WeTV"
"1594","The Heirs","Netflix"
"1595","The Heirs","Apple TV"
"1596","The Heirs","Viki"
"1597","The Hymn of Death","Netflix"
"1599","The Idolmaster KR","Prime Video"
"1600","The Innocent Man","WeTV"
"1601","The Innocent Man","Netflix"
"1602","The Innocent Man","Viki"
"1604","The K2","KDRAMA"
"1605","The K2","Apple TV"
"1606","The K2","Viki"
"1607","The K2","WeTV"
"1608","The K2","Netflix"
"1609","The Killer's Shopping List","TVING"
"1610","The Killer's Shopping List","Viki"
"1611","The King 2 Hearts","Prime Video"
"1612","The King 2 Hearts","Viki"
"1615","The King in Love","Apple TV"
"1616","The King in Love","Viki"
"1618","The King of Dramas","SBS World"
"1619","The King of Pigs","TVING"
"1620","The King of Pigs","Prime Video"
"1621","The King of Tears, Lee Bang-won","Prime Video"
"1622","The King of Tears, Lee Bang-won","Viki"
"1623","The King: Eternal Monarch","Netflix"
"1624","The King's Affection","Netflix"
"1626","The King's Doctor","Viki"
"1627","The King's Face","Viki"
"1629","The Last Empress","Viki"
"1630","The Last Empress","SBS World"
"1633","The Legend of the Blue Sea","Hulu"
"1634","The Legend of the Blue Sea","Viki"
"1635","The Legend of the Blue Sea","WeTV"
"1636","The Legend of the Blue Sea","SBS VOD"
"1637","The Legend of the Blue Sea","Apple TV"
"1638","The Liar and His Lover","Viki"
"1639","The Liar and His Lover","WeTV"
"1640","The Liar and His Lover","KDRAMA"
"1641","The Lies Within","Netflix"
"1642","The Light in Your Eyes","Disney Hotstar"
"1643","The Light in Your Eyes","Hulu"
"1644","The Light in Your Eyes","Viki"
"1646","The Man in the Mask","KBS World"
"1647","The Man in the Mask","Viki"
"1648","The Master of Revenge","Viki"
"1650","The Merchant: Gaekju 2015","Viki"
"1651","The Miracle","Viki"
"1652","The Miracle","Netflix"
"1653","The Miracle We Met","Viki"
"1654","The Most Beautiful Goodbye","KDRAMA"
"1658","The One and Only","Viki"
"1659","The One and Only","Netflix"
"1660","The One and Only","TVING"
"1661","The Package","Disney Hotstar"
"1662","The Package","WeTV"
"1663","The Package","Netflix"
"1664","The Package","Viki"
"1665","The Penthouse: War in Life","Viki"
"1666","The Penthouse: War in Life","WeTV"
"1668","The Princess' Man","Viki"
"1669","The Producers","WeTV"
"1670","The Producers","Viki"
"1671","The Promise","KBS World"
"1672","The Queen of Office","KBS Drama Classic"
"1673","The Queen of Office","Viki"
"1675","The Rebel","Viki"
"1676","The Red Sleeve","Apple TV"
"1677","The Red Sleeve","Viki"
"1680","The Rich Son","Apple TV"
"1681","The Rich Son","Viki"
"1683","The Road: The Tragedy of One","TVING"
"1684","The Road: The Tragedy of One","Viki"
"1685","The Road: The Tragedy of One","WeTV"
"1686","The Royal Gambler","Viki"
"1687","The Royal Gambler","Netflix"
"1688","The Royal Gambler","SBS World"
"1690","The Scandal","Viki"
"1691","The Scholar Who Walks the Night","Viki"
"1692","The School Nurse Files","Netflix"
"1693","The Second Husband","Prime Video"
"1694","The Second Husband","Viki"
"1696","The Secret Life of My Secretary","WeTV"
"1697","The Secret Life of My Secretary","Viki"
"1699","The Secret of Birth","SBS World"
"1700","The Secret of Birth","Viki"
"1701","The Secret of My Love","KBS World"
"1702","The Silent Sea","Netflix"
"1703","The Smile Has Left Your Eyes","KDRAMA"
"1704","The Smile Has Left Your Eyes","Apple TV"
"1705","The Smile Has Left Your Eyes","Viki"
"1706","The Sound of Magic","Netflix"
"1707","The Sound of Your Heart","Netflix"
"1709","The Suspicious Housekeeper","SBS World"
"1710","The Suspicious Housekeeper","Viki"
"1711","The Tale of Nokdu","WeTV"
"1712","The Tale of Nokdu","Apple TV"
"1713","The Tale of Nokdu","iflix"
"1714","The Tale of Nokdu","Viki"
"1715","The Third Charm","WeTV"
"1716","The Third Charm","Netflix"
"1717","The Third Charm","iflix"
"1720","The Time We Were Not in Love","SBS World"
"1721","The Time We Were Not in Love","Viki"
"1722","The Uncanny Counter","Netflix"
"1723","The Undateables","SBS World"
"1724","The Undateables","Viki"
"1726","The Veil","Prime Video"
"1727","The Veil","Viki"
"1728","The Village: Achiara's Secret","Viki"
"1729","The Virtual Bride","Viki"
"1732","The Wind Blows","Viki"
"1733","The Wind Blows","Netflix"
"1734","The Witch's Diner","Viki"
"1735","The Witch's Diner","WeTV"
"1736","The Witch's Diner","iflix"
"1737","The World of the Married","Disney Hotstar"
"1738","The World of the Married","iflix"
"1740","Thirty-Nine","TVING"
"1741","Thirty-Nine","Netflix"
"1742","This Is My Love","Viki"
"1743","This Is My Love","Netflix"
"1749","Three Days","SBS World"
"1750","Three Days","Viki"
"1753","Thrice Married Woman","SBS World"
"1754","Through the Darkness","Prime Video"
"1755","Through the Darkness","Viki"
"1756","Through the Darkness","Apple TV"
"1757","Times","Viki"
"1758","Times","WeTV"
"1760","To the Beautiful You","Viki"
"1761","Today's Webtoon","Viki"
"1762","Toji, the Land","SBS VOD"
"1764","Tomorrow","Netflix"
"1765","Tomorrow Boy","Viki"
"1766","Tomorrow, with You","WeTV"
"1767","Tomorrow, with You","Netflix"
"1768","Tomorrow, with You","KDRAMA"
"1769","Tomorrow, with You","Viki"
"1771","Top Star U-back","KDRAMA"
"1772","Touch","Viki"
"1773","Touch Your Heart","iWant TFC"
"1774","Touch Your Heart","Viki"
"1775","Touch Your Heart","WeTV"
"1776","Touch Your Heart","Netflix"
"1777","Touch Your Heart","KDRAMA"
"1778","Tracer","Wavve"
"1779","Train","Viki"
"1784","True Beauty","Viki"
"1785","True Beauty","Apple TV"
"1787","Tunnel","WeTV"
"1788","Tunnel","KDRAMA"
"1789","Tunnel","Viki"
"1790","Twelve Nights","Viki"
"1791","Two Cops","Viki"
"1792","Two Cops","Apple TV"
"1793","Two Mothers","KBS World"
"1794","Two Weeks","Viki"
"1797","Ugly Alert","SBS VOD"
"1799","Unasked Family","KBS World"
"1800","Uncle","Viki"
"1801","Uncontrollably Fond","Hulu"
"1802","Uncontrollably Fond","Viki"
"1803","Uncontrollably Fond","WeTV"
"1804","Uncontrollably Fond","Netflix"
"1806","Unkind Ladies","KBS World"
"1807","Unknown Woman","KBS World"
"1810","Untouchable","Disney Hotstar"
"1811","Vagabond","Netflix"
"1814","Vincenzo","TVING"
"1815","Vincenzo","Netflix"
"1816","VIP","SBS World"
"1817","VIP","Viki"
"1818","VIP","Netflix"
"1819","Voice","Viki"
"1820","Voice","Netflix"
"1821","Voice","KDRAMA"
"1822","Voice","Prime Video"
"1823","W","WeTV"
"1824","W","Apple TV"
"1825","W","iflix"
"1826","W","Viki"
"1827","Wang's Family","KBS World"
"1829","Wanted","SBS VOD"
"1830","Wanted","SBS World"
"1831","Wanted","Viki"
"1833","Warm and Cozy","Viki"
"1834","Warm and Cozy","Netflix"
"1835","Warrior Baek Dong-soo","SBS World"
"1836","Warrior Baek Dong-soo","Viki"
"1837","Was It Love?","Netflix"
"1838","Watcher","Disney Hotstar"
"1839","Watcher","Viki"
"1844","Wednesday 3:30 PM","Viki"
"1845","Weightlifting Fairy Kim Bok-joo","WeTV"
"1846","Weightlifting Fairy Kim Bok-joo","Apple TV"
"1847","Weightlifting Fairy Kim Bok-joo","iWant TFC"
"1848","Weightlifting Fairy Kim Bok-joo","Viki"
"1849","Welcome","Netflix"
"1850","Welcome 2 Life","Apple TV"
"1851","Welcome 2 Life","Viki"
"1853","Welcome to Waikiki","iflix"
"1854","Welcome to Waikiki","Viki"
"1855","Welcome to Waikiki","WeTV"
"1856","Welcome to Waikiki","Netflix"
"1857","Welcome to Waikiki 2","iflix"
"1858","Welcome to Waikiki 2","Viki"
"1859","Welcome to Waikiki 2","WeTV"
"1860","Welcome to Waikiki 2","Netflix"
"1861","Welcome to Wedding Hell","Netflix"
"1863","What Happens to My Family?","Viki"
"1867","What's Wrong with Secretary Kim","WeTV"
"1868","What's Wrong with Secretary Kim","Apple TV"
"1869","What's Wrong with Secretary Kim","iflix"
"1870","What's Wrong with Secretary Kim","Hulu"
"1871","What's Wrong with Secretary Kim","Viki"
"1872","When a Man Falls in Love","Viki"
"1873","When I Was the Most Beautiful","Viki"
"1874","When My Love Blooms","WeTV"
"1875","When My Love Blooms","Netflix"
"1876","When My Love Blooms","KDRAMA"
"1877","When My Love Blooms","Viki"
"1878","When the Camellia Blooms","Netflix"
"1879","When the Devil Calls Your Name","KDRAMA"
"1880","When the Devil Calls Your Name","Viki"
"1881","When the Weather Is Fine","Disney Hotstar"
"1882","When the Weather Is Fine","Viki"
"1883","When the Weather Is Fine","WeTV"
"1884","When the Weather Is Fine","iflix"
"1885","When the Weather Is Fine","Hulu"
"1887","Where Stars Land","Apple TV"
"1888","Where Stars Land","SBS World"
"1889","Where Stars Land","Viki"
"1890","Where Your Eyes Linger","Viki"
"1891","Where Your Eyes Linger","WeTV"
"1894","Whisper","Viki"
"1897","Why Her","Viki"
"1899","Wild Romance","Viki"
"1900","Witch at Court","Viki"
"1901","Witch at Court","Apple TV"
"1902","Witch's Love","Viki"
"1903","Wok of Love","Viki"
"1904","Wok of Love","Apple TV"
"1905","Woman of 9.9 Billion","Viki"
"1908","Women in the Sun","KBS Drama Classic"
"1909","Women in the Sun","Viki"
"1910","Wonderful Days","KBS World"
"1912","Woori the Virgin","Viki"
"1913","Work Later, Drink Now","TVING"
"1914","Work Later, Drink Now","Prime Video"
"1918","XX","Viki"
"1919","XX","PlayList Global"
"1922","YG Future Strategy Office","Netflix"
"1923","Yong-pal","SBS VOD"
"1924","Yong-pal","SBS World"
"1925","Yong-pal","Viki"
"1928","You Are My Destiny","Viki"
"1929","You Are My Destiny","Apple TV"
"1930","You Are My Spring","TVING"
"1931","You Are My Spring","Netflix"
"1932","You Are the Best!","KBS World"
"1933","You Are the Best!","Viki"
"1935","You Are the Only One","KBS World"
"1936","You Are Too Much","Viki"
"1938","You Drive Me Crazy","Viki"
"1939","You Drive Me Crazy","Netflix"
"1940","You Drive Me Crazy","KDRAMA"
"1941","You Drive Me Crazy","Apple TV"
"1942","You're All Surrounded","Viki"
"1943","You're All Surrounded","Apple TV"
"1944","You're All Surrounded","SBS World"
"1945","You're Beautiful","Viki"
"1946","You're Beautiful","Netflix"
"1948","Young Lady and Gentleman","Netflix"
"1949","Young Lady and Gentleman","KBS World"
"1950","Young Lady and Gentleman","Prime Video"
"1951","Young Lady and Gentleman","Viki"
"1952","Your Honor","Apple TV"
"1953","Your Honor","SBS World"
"1954","Your Honor","Viki"
"1955","Your House Helper","Viki"
"1957","Your Neighbor's Wife","Viki"
"1959","Youth of May","Prime Video"
"1960","Youth of May","Viki"
"1961","Youth of May","Netflix"
"1962","Yumi's Cells","TVING"
"1963","Yumi's Cells","Viki"
"1964","Zombie Detective","Viki"
"1965","Zombie Detective","Netflix"
